{
  "nuc1:mbps": {
    "time": [
      0.002,
      1.006,
      2.011,
      3.015,
      4.018,
      5.02,
      6.022,
      7.024,
      8.027,
      9.03,
      10.032,
      11.034,
      12.038,
      13.041,
      14.044,
      15.046,
      16.048,
      17.05,
      18.052,
      19.054,
      20.057,
      21.059,
      22.062,
      23.064,
      24.066,
      25.068,
      26.07,
      27.072,
      28.074,
      29.077
    ],
    "val": [
      105.39934482033723,
      447.4569561141563,
      426.11926406066107,
      442.0991135445546,
      442.9062954136717,
      436.4740224645344,
      433.357183255248,
      440.64960639747306,
      414.93543331464787,
      460.2968834992248,
      436.07844157231284,
      417.66056205188386,
      453.9042871605151,
      439.4696408903344,
      436.4201416423343,
      437.7185937093563,
      436.3572801113139,
      414.84377725747754,
      459.1643279444241,
      437.19432720825506,
      437.5243258888398,
      436.4088770584626,
      436.9626758502748,
      437.4914109338606,
      435.82506483628816,
      437.09816661190365,
      436.3002014234843,
      436.60209999120644,
      436.356151831714,
      436.1531484709092
    ]
  },
  "nuc1:cpu_perc": {
    "time": [
      0.0,
      1.005,
      2.009,
      3.013,
      4.017,
      5.019,
      6.021,
      7.023,
      8.026,
      9.029,
      10.032,
      11.033,
      12.037,
      13.041,
      14.043,
      15.045,
      16.048,
      17.05,
      18.051,
      19.053,
      20.056,
      21.059,
      22.061,
      23.064,
      24.065,
      25.068,
      26.069,
      27.072,
      28.074,
      29.076
    ],
    "val": [
      50.2,
      70.4,
      65.3,
      67.5,
      69.0,
      77.0,
      71.0,
      66.8,
      66.5,
      65.8,
      56.9,
      66.7,
      58.2,
      64.5,
      59.2,
      74.6,
      60.9,
      58.9,
      63.9,
      61.6,
      58.4,
      47.1,
      65.4,
      55.6,
      47.3,
      79.0,
      47.1,
      46.0,
      49.3,
      42.2
    ]
  },
  "nuc1:power": {
    "time": [
      0.028,
      1.082,
      2.12,
      3.161,
      4.198,
      5.219,
      6.239,
      7.262,
      8.288,
      9.31,
      10.335,
      11.359,
      12.383,
      13.407,
      14.429,
      15.46,
      16.48,
      17.503,
      18.527,
      19.551,
      20.574,
      21.598,
      22.656,
      23.678,
      24.703,
      25.753,
      26.855,
      27.874,
      28.893,
      29.918
    ],
    "val": [
      18818.0,
      21507.0,
      21150.0,
      22842.0,
      28425.0,
      29027.0,
      21789.0,
      21808.0,
      22014.0,
      24872.0,
      24740.0,
      21544.0,
      23274.0,
      22597.0,
      21958.0,
      25793.0,
      26056.0,
      20473.0,
      22860.0,
      23913.0,
      22785.0,
      21826.0,
      20792.0,
      22898.0,
      24665.0,
      23500.0,
      24458.0,
      24910.0,
      22466.0,
      22428.0
    ]
  }
}