{
  "nuc1:mbps": {
    "time": [
      0.001,
      1.004,
      2.006,
      3.009,
      4.012,
      5.014,
      6.017,
      7.018,
      8.021,
      9.024,
      10.026,
      11.029,
      12.031,
      13.034,
      14.036,
      15.038,
      16.041,
      17.044,
      18.046,
      19.049,
      20.05,
      21.053,
      22.054,
      23.057,
      24.059,
      25.061,
      26.064,
      27.066,
      28.069,
      29.071
    ],
    "val": [
      470.3559827819213,
      541.5290026912566,
      726.1602823549484,
      797.8621273853247,
      716.775041966386,
      698.457974704738,
      799.752429837524,
      841.0059017706492,
      755.3612838909319,
      688.1032856564113,
      652.2780422138109,
      535.3384269540335,
      812.6554757086677,
      770.6944205312108,
      678.2676875450223,
      618.7872639772595,
      696.4029160130434,
      659.0138463672976,
      694.4309486271228,
      814.7236932794011,
      773.1636537899077,
      508.31401313182323,
      537.5877245535589,
      571.8375107243819,
      579.4732414583336,
      659.2296219601516,
      757.4509675401414,
      786.9079568876521,
      807.4080598276812,
      662.7137835545637
    ]
  },
  "nuc1:cpu_perc": {
    "time": [
      0.0,
      1.003,
      2.006,
      3.008,
      4.011,
      5.014,
      6.016,
      7.018,
      8.02,
      9.023,
      10.025,
      11.028,
      12.031,
      13.033,
      14.036,
      15.038,
      16.04,
      17.043,
      18.046,
      19.048,
      20.05,
      21.052,
      22.054,
      23.056,
      24.058,
      25.06,
      26.063,
      27.066,
      28.068,
      29.07
    ],
    "val": [
      71.9,
      79.6,
      69.0,
      70.4,
      68.8,
      83.9,
      80.4,
      72.8,
      69.3,
      69.6,
      78.0,
      89.7,
      86.7,
      75.4,
      75.5,
      79.5,
      75.7,
      76.2,
      73.7,
      71.4,
      69.7,
      84.2,
      81.3,
      81.5,
      81.3,
      79.3,
      73.1,
      84.7,
      88.2,
      76.2
    ]
  },
  "nuc1:power": {
    "time": [
      0.099,
      1.122,
      2.147,
      3.169,
      4.189,
      5.208,
      6.232,
      7.261,
      8.284,
      9.311,
      10.333,
      11.358,
      12.381,
      13.406,
      14.431,
      15.452,
      16.478,
      17.501,
      18.525,
      19.548,
      20.573,
      21.597,
      22.623,
      23.645,
      24.669,
      25.692,
      26.759,
      27.805,
      28.827,
      29.912
    ],
    "val": [
      30606.0,
      29215.0,
      29892.0,
      30155.0,
      30136.0,
      31245.0,
      30399.0,
      30775.0,
      30380.0,
      30380.0,
      30850.0,
      30625.0,
      31433.0,
      30738.0,
      30042.0,
      30155.0,
      30192.0,
      30343.0,
      30286.0,
      30869.0,
      30644.0,
      29835.0,
      31001.0,
      30926.0,
      30080.0,
      30456.0,
      30080.0,
      31809.0,
      30080.0,
      30418.0
    ]
  }
}