{
  "nuc1:mbps": {
    "time": [
      0.006,
      1.011,
      2.017,
      3.022,
      4.027,
      5.033,
      6.037,
      7.041,
      8.045,
      9.05,
      10.056,
      11.061,
      12.067,
      13.072,
      14.077,
      15.082,
      16.086,
      17.09,
      18.094,
      19.099,
      20.104,
      21.11,
      22.115,
      23.121,
      24.126,
      25.132,
      26.137,
      27.141,
      28.145,
      29.151
    ],
    "val": [
      0.12694356642618335,
      0.0013663968225632857,
      0.0013688929773628584,
      0.0013687092309859544,
      0.0013689790239846862,
      0.0013683587563535422,
      0.0013691859048419782,
      0.0013711415287494008,
      0.0013701181309067948,
      0.001369205394487177,
      0.001368733900777172,
      0.0013688277190253685,
      0.001368511580162926,
      0.0013687838922914627,
      0.0013687819445017601,
      0.0013689666845594474,
      0.0013699317792590015,
      0.0013711692181737534,
      0.0013701864400180433,
      0.0013692278082650998,
      0.0018783242412670099,
      0.001368885834356,
      0.0013685735630286854,
      0.0013684087204676055,
      0.001368342859446035,
      0.0013685845972165244,
      0.0013685268319703462,
      0.0013700400716905438,
      0.0013704721109454691,
      0.0013692810845373005
    ]
  },
  "nuc1:cpu_perc": {
    "time": [
      0.0,
      1.009,
      2.015,
      3.02,
      4.025,
      5.031,
      6.036,
      7.04,
      8.044,
      9.048,
      10.054,
      11.059,
      12.065,
      13.07,
      14.075,
      15.08,
      16.085,
      17.089,
      18.092,
      19.098,
      20.103,
      21.108,
      22.113,
      23.119,
      24.124,
      25.13,
      26.135,
      27.14,
      28.144,
      29.149
    ],
    "val": [
      4.9,
      1.5,
      0.7,
      0.8,
      0.5,
      1.7,
      8.5,
      25.7,
      11.7,
      0.5,
      0.7,
      0.7,
      0.7,
      1.0,
      0.7,
      0.5,
      3.0,
      25.4,
      16.2,
      0.7,
      0.5,
      0.7,
      0.3,
      1.2,
      0.7,
      1.0,
      1.8,
      22.9,
      22.7,
      0.5
    ]
  },
  "nuc1:power": {
    "time": [
      0.019,
      1.041,
      2.066,
      3.09,
      4.113,
      5.137,
      6.16,
      7.183,
      8.211,
      9.233,
      10.256,
      11.28,
      12.305,
      13.327,
      14.356,
      15.414,
      16.439,
      17.466,
      18.489,
      19.514,
      20.538,
      21.581,
      22.607,
      23.632,
      24.692,
      25.717,
      26.743,
      27.792,
      28.822,
      29.858
    ],
    "val": [
      8384.0,
      8384.0,
      7012.0,
      7012.0,
      7125.0,
      7125.0,
      8290.0,
      17070.0,
      17070.0,
      6880.0,
      6880.0,
      6880.0,
      7388.0,
      7388.0,
      7388.0,
      6711.0,
      6711.0,
      10622.0,
      17446.0,
      17446.0,
      6843.0,
      6843.0,
      7482.0,
      7482.0,
      7482.0,
      6768.0,
      6768.0,
      11693.0,
      16807.0,
      16807.0
    ]
  }
}