{
  "nuc1:mbps": {
    "time": [
      0.001,
      1.004,
      2.008,
      3.011,
      4.014,
      5.016,
      6.019,
      7.022,
      8.026,
      9.029,
      10.032,
      11.035,
      12.037,
      13.039,
      14.042,
      15.045,
      16.047,
      17.049,
      18.051,
      19.053,
      20.056,
      21.059,
      22.062,
      23.067,
      24.069,
      25.073,
      26.077,
      27.079,
      28.081,
      29.083
    ],
    "val": [
      289.08938383789547,
      321.95464163284515,
      330.99386010658804,
      331.0358856749665,
      328.1332368810521,
      328.27194314102445,
      327.7783485496489,
      326.3415716475882,
      322.9165451290843,
      326.89121224016196,
      326.20161350902947,
      328.6073940957956,
      334.03444651587546,
      329.9001962411698,
      322.1891267758435,
      319.8670808332057,
      344.83238917556514,
      327.84025412819886,
      328.5410615676028,
      329.1116919614488,
      324.92164745293513,
      329.83362617242915,
      323.7236741153719,
      319.6565886807753,
      343.02886826693134,
      326.4967996329365,
      329.5904515574127,
      328.541786228372,
      328.757786333924,
      323.30316406430734
    ]
  },
  "nuc1:cpu_perc": {
    "time": [
      0.0,
      1.003,
      2.006,
      3.01,
      4.013,
      5.015,
      6.018,
      7.021,
      8.024,
      9.028,
      10.031,
      11.034,
      12.036,
      13.039,
      14.041,
      15.044,
      16.046,
      17.048,
      18.05,
      19.052,
      20.055,
      21.058,
      22.061,
      23.065,
      24.068,
      25.071,
      26.076,
      27.078,
      28.08,
      29.083
    ],
    "val": [
      37.7,
      37.6,
      34.0,
      38.7,
      36.1,
      41.6,
      58.1,
      47.8,
      36.5,
      38.3,
      46.9,
      43.7,
      44.9,
      40.7,
      43.3,
      44.2,
      60.9,
      43.2,
      44.6,
      44.7,
      46.7,
      42.5,
      44.2,
      41.5,
      40.4,
      42.1,
      59.6,
      44.8,
      39.7,
      39.5
    ]
  },
  "nuc1:power": {
    "time": [
      0.051,
      1.09,
      2.156,
      3.27,
      4.303,
      5.325,
      6.346,
      7.369,
      8.394,
      9.418,
      10.443,
      11.468,
      12.489,
      13.517,
      14.539,
      15.563,
      16.584,
      17.618,
      18.639,
      19.659,
      20.682,
      21.706,
      22.729,
      23.755,
      24.779,
      25.802,
      26.826,
      27.85,
      28.873,
      29.897
    ],
    "val": [
      15058.0,
      17897.0,
      18931.0,
      16788.0,
      18574.0,
      18612.0,
      25436.0,
      17991.0,
      16957.0,
      17296.0,
      17465.0,
      17408.0,
      17615.0,
      17615.0,
      19232.0,
      19232.0,
      24910.0,
      17014.0,
      18743.0,
      18668.0,
      16111.0,
      17578.0,
      20285.0,
      19439.0,
      18593.0,
      18217.0,
      26019.0,
      19251.0,
      18912.0,
      17333.0
    ]
  }
}