{
  "nuc1:mbps": {
    "time": [
      0.003,
      1.012,
      2.014,
      3.017,
      4.02,
      5.022,
      6.025,
      7.028,
      8.03,
      9.032,
      10.034,
      11.036,
      12.038,
      13.041,
      14.043,
      15.046,
      16.048,
      17.051,
      18.054,
      19.057,
      20.059,
      21.062,
      22.064,
      23.066,
      24.069,
      25.072,
      26.075,
      27.078,
      28.08,
      29.082
    ],
    "val": [
      692.5698887930726,
      710.871831904113,
      553.5437141985772,
      624.952033965376,
      744.3470489052037,
      698.080685537235,
      646.9773073871859,
      661.2984589260027,
      654.0490666749915,
      654.8499482950361,
      653.6844373138512,
      610.0398002818806,
      585.0695840284587,
      714.9554237000283,
      691.603282791787,
      656.8774981828477,
      666.8469166415548,
      654.341035354795,
      654.7459160640279,
      653.3866883983985,
      624.8855178467994,
      673.7712464116615,
      562.4199155972981,
      593.207241581846,
      796.3292120050825,
      671.8275012809304,
      594.4317545038244,
      652.6836706731999,
      719.7645296017799,
      653.7658977048472
    ]
  },
  "nuc1:cpu_perc": {
    "time": [
      0.0,
      1.011,
      2.013,
      3.016,
      4.019,
      5.021,
      6.024,
      7.027,
      8.029,
      9.032,
      10.033,
      11.036,
      12.037,
      13.04,
      14.043,
      15.045,
      16.048,
      17.05,
      18.053,
      19.056,
      20.059,
      21.061,
      22.064,
      23.066,
      24.068,
      25.071,
      26.074,
      27.077,
      28.079,
      29.081
    ],
    "val": [
      71.3,
      70.8,
      91.5,
      84.9,
      77.3,
      84.0,
      67.3,
      69.5,
      57.3,
      69.1,
      57.2,
      74.5,
      91.5,
      74.9,
      73.1,
      82.1,
      68.4,
      54.7,
      62.0,
      59.7,
      70.0,
      82.4,
      78.8,
      87.2,
      74.0,
      64.8,
      79.4,
      81.6,
      68.3,
      64.3
    ]
  },
  "nuc1:power": {
    "time": [
      0.034,
      1.058,
      2.081,
      3.104,
      4.13,
      5.154,
      6.178,
      7.203,
      8.224,
      9.25,
      10.271,
      11.31,
      12.354,
      13.378,
      14.402,
      15.425,
      16.45,
      17.472,
      18.503,
      19.525,
      20.544,
      21.57,
      22.593,
      23.617,
      24.641
    ],
    "val": [
      30568.0,
      29572.0,
      30174.0,
      31095.0,
      31001.0,
      31189.0,
      28801.0,
      29177.0,
      26827.0,
      27955.0,
      26902.0,
      30155.0,
      30456.0,
      30474.0,
      29102.0,
      30756.0,
      28519.0,
      26583.0,
      28764.0,
      28594.0,
      29986.0,
      30869.0,
      30042.0,
      31189.0,
      30230.0
    ]
  }
}