{
  "nuc1:mbps": {
    "time": [
      0.002,
      1.007,
      2.011,
      3.016,
      4.021,
      5.026,
      6.032,
      7.035,
      8.039,
      9.041,
      10.045,
      11.049,
      12.052,
      13.056,
      14.06,
      15.063,
      16.069,
      17.073,
      18.076,
      19.081,
      20.084,
      21.088,
      22.092,
      23.096,
      24.099,
      25.104,
      26.107,
      27.11,
      28.113,
      29.116
    ],
    "val": [
      86.56885902908569,
      109.73529736516788,
      110.31217096608871,
      110.52753317367636,
      109.14881049506405,
      111.0706858838283,
      110.20643406756678,
      109.77237781004801,
      110.23800185660433,
      110.16793597428936,
      109.22265958876174,
      110.50615388658545,
      109.84704797360828,
      110.2302655221783,
      110.40320311445933,
      110.464535354164,
      109.4772141714377,
      110.64722200893556,
      109.30032161172956,
      109.97938134113211,
      109.68721306248163,
      110.56135416504952,
      109.64515242424785,
      109.32414299654384,
      111.55289148072899,
      109.27353498353246,
      110.45835560053892,
      110.62331127860116,
      109.70528464899367,
      109.59852487237383
    ]
  },
  "nuc1:cpu_perc": {
    "time": [
      0.0,
      1.005,
      2.01,
      3.014,
      4.019,
      5.024,
      6.029,
      7.034,
      8.037,
      9.04,
      10.044,
      11.048,
      12.051,
      13.055,
      14.058,
      15.062,
      16.066,
      17.072,
      18.075,
      19.079,
      20.083,
      21.087,
      22.091,
      23.095,
      24.098,
      25.102,
      26.106,
      27.109,
      28.112,
      29.115
    ],
    "val": [
      39.2,
      39.8,
      34.3,
      40.9,
      36.5,
      41.4,
      38.8,
      36.4,
      43.0,
      32.6,
      30.4,
      41.0,
      38.3,
      38.3,
      37.7,
      33.3,
      34.4,
      32.1,
      33.3,
      37.6,
      32.1,
      32.8,
      30.3,
      33.7,
      38.2,
      35.2,
      38.1,
      39.2,
      43.0,
      36.0
    ]
  },
  "nuc1:power": {
    "time": [
      0.026,
      1.054,
      2.076,
      3.102,
      4.131,
      5.155,
      6.211,
      7.232,
      8.258,
      9.28,
      10.338,
      11.362,
      12.385,
      13.405,
      14.428,
      15.456,
      16.481,
      17.5,
      18.525,
      19.55,
      20.572,
      21.597,
      22.62,
      23.649,
      24.668,
      25.696,
      26.72,
      27.745,
      28.769,
      29.788
    ],
    "val": [
      13028.0,
      10208.0,
      10208.0,
      10622.0,
      10622.0,
      10189.0,
      10189.0,
      10227.0,
      11919.0,
      14325.0,
      14325.0,
      10133.0,
      10133.0,
      10152.0,
      10152.0,
      10133.0,
      10434.0,
      10434.0,
      11637.0,
      14024.0,
      14024.0,
      10114.0,
      10114.0,
      10377.0,
      10396.0,
      10396.0,
      10114.0,
      10114.0,
      10358.0,
      16638.0
    ]
  }
}