{
  "nuc1:mbps": {
    "time": [
      0.003,
      1.009,
      2.013,
      3.017,
      4.023,
      5.029,
      6.032,
      7.035,
      8.038,
      9.04,
      10.042,
      11.045,
      12.048,
      13.051,
      14.054,
      15.057,
      16.061,
      17.064,
      18.067,
      19.072,
      20.075,
      21.079,
      22.082,
      23.085,
      24.088,
      25.092,
      26.097,
      27.101,
      28.104,
      29.108
    ],
    "val": [
      167.28767588635307,
      213.03276608092833,
      224.1430380028438,
      218.24184156296224,
      219.89264736339462,
      221.8331564077601,
      221.9538141583382,
      218.24674427035745,
      220.1538028921406,
      218.89721354432285,
      216.1569880686632,
      221.95824423774206,
      216.08593000621457,
      217.96855977285983,
      223.68254035084504,
      210.50400878463236,
      228.02479684882132,
      218.3533689828451,
      212.91870947611994,
      224.91671780894032,
      218.05402586785246,
      220.9814537465962,
      218.95984138571418,
      220.08517570173518,
      218.7922090185132,
      214.6914629537806,
      212.10172258388914,
      230.86774484701297,
      217.1805449789003,
      218.8184386786021
    ]
  },
  "nuc1:cpu_perc": {
    "time": [
      0.0,
      1.007,
      2.012,
      3.016,
      4.02,
      5.027,
      6.031,
      7.034,
      8.037,
      9.04,
      10.041,
      11.044,
      12.047,
      13.05,
      14.053,
      15.056,
      16.06,
      17.063,
      18.066,
      19.07,
      20.074,
      21.078,
      22.081,
      23.084,
      24.087,
      25.091,
      26.095,
      27.1,
      28.103,
      29.106
    ],
    "val": [
      33.2,
      44.0,
      36.1,
      40.5,
      43.0,
      45.6,
      42.4,
      51.6,
      43.5,
      37.5,
      39.5,
      33.5,
      47.0,
      44.4,
      41.7,
      35.7,
      41.5,
      49.5,
      45.8,
      42.1,
      41.6,
      43.5,
      43.6,
      43.5,
      41.6,
      43.6,
      41.1,
      49.6,
      45.0,
      35.9
    ]
  },
  "nuc1:power": {
    "time": [
      0.009,
      1.035,
      2.059,
      3.08,
      4.107,
      5.131,
      6.156,
      7.18,
      8.237,
      9.267,
      10.315,
      11.34,
      12.363,
      13.388,
      14.41,
      15.437,
      16.465,
      17.487,
      18.509,
      19.531,
      20.557,
      21.582,
      22.602,
      23.625,
      24.652,
      25.675,
      26.699,
      27.725,
      28.748,
      29.769
    ],
    "val": [
      12953.0,
      13930.0,
      14081.0,
      14306.0,
      14306.0,
      13404.0,
      12990.0,
      22090.0,
      14588.0,
      14006.0,
      14006.0,
      15472.0,
      12821.0,
      13160.0,
      13160.0,
      13592.0,
      13272.0,
      22428.0,
      13630.0,
      13630.0,
      12614.0,
      11637.0,
      11637.0,
      12765.0,
      13611.0,
      13630.0,
      13630.0,
      13855.0,
      20153.0,
      14457.0
    ]
  }
}