{
  "nuc1:mbps": {
    "time": [
      0.002,
      1.004,
      2.007,
      3.008,
      4.011,
      5.014,
      6.016,
      7.019,
      8.02,
      9.023,
      10.026,
      11.028,
      12.03,
      13.033,
      14.035,
      15.038,
      16.04,
      17.043,
      18.044,
      19.047,
      20.049,
      21.051,
      22.052,
      23.055,
      24.057,
      25.059,
      26.062,
      27.065,
      28.067,
      29.07
    ],
    "val": [
      833.5881330514203,
      545.219002856757,
      545.7202099265418,
      545.6781654597258,
      545.1481877242998,
      545.8814564793014,
      545.0001659934005,
      545.2093092201968,
      545.2708929975703,
      545.9984853501618,
      545.9587924103125,
      545.7045002310371,
      543.810026534825,
      537.7306482846302,
      555.7327907489062,
      544.9274212600399,
      545.608056651504,
      545.0404967664061,
      546.1214706573201,
      537.8120794391975,
      553.9323863467445,
      545.2514629288097,
      545.1483138805924,
      539.1268812511707,
      537.4492298841786,
      560.7005358825479,
      546.3767134739552,
      544.9283765888019,
      545.9788484697267,
      545.7469722363493
    ]
  },
  "nuc1:cpu_perc": {
    "time": [
      0.0,
      1.004,
      2.006,
      3.008,
      4.01,
      5.013,
      6.016,
      7.018,
      8.02,
      9.022,
      10.025,
      11.027,
      12.029,
      13.032,
      14.034,
      15.037,
      16.039,
      17.042,
      18.044,
      19.046,
      20.048,
      21.05,
      22.052,
      23.054,
      24.056,
      25.059,
      26.061,
      27.064,
      28.066,
      29.069
    ],
    "val": [
      61.4,
      67.6,
      74.2,
      79.2,
      75.2,
      69.1,
      63.1,
      64.3,
      71.0,
      63.2,
      57.0,
      61.2,
      64.2,
      81.1,
      82.0,
      66.6,
      59.7,
      54.5,
      59.9,
      69.8,
      67.1,
      64.1,
      59.8,
      76.1,
      90.7,
      64.9,
      71.8,
      69.8,
      60.6,
      62.1
    ]
  },
  "nuc1:power": {
    "time": [
      0.033,
      1.06,
      2.086,
      3.114,
      4.163,
      5.189,
      6.213,
      7.236,
      8.263,
      9.283,
      10.342,
      11.39,
      12.421,
      13.447,
      14.469,
      15.491,
      16.523,
      17.542,
      18.564,
      19.583,
      20.613,
      21.635,
      22.659,
      23.684
    ],
    "val": [
      27654.0,
      26132.0,
      29027.0,
      26940.0,
      27955.0,
      26226.0,
      26677.0,
      26696.0,
      28782.0,
      28444.0,
      26395.0,
      26959.0,
      28124.0,
      28049.0,
      29610.0,
      26677.0,
      24985.0,
      25981.0,
      26338.0,
      27579.0,
      29177.0,
      26808.0,
      28294.0,
      29459.0
    ]
  }
}