{
  "nuc1:mbps": {
    "time": [
      0.001,
      1.004,
      2.007,
      3.01,
      4.013,
      5.015,
      6.017,
      7.02,
      8.022,
      9.025,
      10.028,
      11.031,
      12.034,
      13.036,
      14.039,
      15.042,
      16.045,
      17.047,
      18.05,
      19.053,
      20.055,
      21.058,
      22.061,
      23.063,
      24.066,
      25.069,
      26.071,
      27.074,
      28.076,
      29.079
    ],
    "val": [
      435.3878622424687,
      753.4770392427758,
      825.9259538620187,
      737.2073939844533,
      602.5928909306053,
      585.9345141637248,
      567.8183109325598,
      709.6665282371445,
      783.5208930990558,
      726.4150686028634,
      540.7535577984995,
      730.0157108283998,
      749.9595928837217,
      613.1666599055508,
      639.9451269749126,
      630.7666500114753,
      699.3032090964032,
      792.0869555111605,
      704.5452381768957,
      664.9152399564636,
      591.8541206612133,
      727.504760404772,
      679.4069854240017,
      652.7320812227671,
      650.2194711754319,
      729.4913676002121,
      773.825661957907,
      688.9162884931364,
      574.4904397389432,
      635.7445745734168
    ]
  },
  "nuc1:cpu_perc": {
    "time": [
      0.0,
      1.003,
      2.006,
      3.009,
      4.012,
      5.014,
      6.016,
      7.019,
      8.021,
      9.024,
      10.027,
      11.03,
      12.033,
      13.036,
      14.038,
      15.041,
      16.044,
      17.046,
      18.049,
      19.052,
      20.055,
      21.058,
      22.06,
      23.062,
      24.065,
      25.068,
      26.07,
      27.073,
      28.076,
      29.078
    ],
    "val": [
      76.9,
      86.5,
      80.1,
      85.7,
      80.9,
      81.0,
      79.6,
      77.7,
      71.2,
      81.4,
      87.9,
      77.3,
      84.7,
      82.5,
      85.5,
      76.1,
      85.9,
      88.4,
      84.1,
      84.1,
      92.4,
      86.0,
      84.6,
      76.6,
      82.4,
      76.9,
      70.8,
      74.2,
      82.7,
      75.9
    ]
  },
  "nuc1:power": {
    "time": [
      0.033,
      1.056,
      2.081,
      3.103,
      4.125,
      5.151,
      6.174,
      7.199,
      8.221,
      9.245,
      10.27,
      11.293,
      12.317,
      13.343,
      14.368,
      15.394,
      16.414,
      17.44,
      18.461,
      19.487,
      20.51,
      21.533,
      22.558,
      23.582,
      24.611,
      25.63,
      26.654,
      27.677,
      28.701,
      29.725
    ],
    "val": [
      30832.0,
      30719.0,
      31208.0,
      31565.0,
      31095.0,
      31114.0,
      30587.0,
      30944.0,
      30775.0,
      30832.0,
      31114.0,
      30832.0,
      31546.0,
      31189.0,
      31471.0,
      31302.0,
      31809.0,
      32223.0,
      30963.0,
      31452.0,
      31114.0,
      31640.0,
      31038.0,
      31132.0,
      30888.0,
      30681.0,
      30625.0,
      30888.0,
      31132.0,
      31189.0
    ]
  }
}