{
  "nuc2:power": {
    "time": [
      0.016,
      1.038,
      2.092,
      3.119,
      4.139,
      5.171,
      6.2,
      7.231,
      8.284,
      9.326,
      10.432,
      11.462,
      12.512,
      13.683,
      14.739,
      15.771,
      16.847,
      17.898,
      18.935,
      20.014,
      21.051,
      22.102,
      23.156,
      24.186,
      25.206,
      26.229,
      27.252,
      28.3,
      29.329
    ],
    "val": [
      8196.0,
      8591.0,
      8591.0,
      8591.0,
      8836.0,
      8836.0,
      8779.0,
      8779.0,
      8704.0,
      8704.0,
      8892.0,
      8892.0,
      8892.0,
      8723.0,
      8723.0,
      8535.0,
      8535.0,
      8610.0,
      8610.0,
      8948.0,
      8948.0,
      8742.0,
      8742.0,
      8742.0,
      8723.0,
      8723.0,
      8610.0,
      8610.0,
      8516.0
    ]
  },
  "nuc2:pcks": {
    "time": [
      0.004,
      1.015,
      2.021,
      3.027,
      4.034,
      5.041,
      6.048,
      7.054,
      8.061,
      9.067,
      10.074,
      11.08,
      12.087,
      13.094,
      14.1,
      15.106,
      16.113,
      17.12,
      18.127,
      19.134,
      20.141,
      21.147,
      22.154,
      23.159,
      24.165,
      25.172,
      26.178,
      27.183,
      28.19,
      29.196
    ],
    "val": [
      17434.280440834384,
      20078.248570363576,
      20110.547731256454,
      20098.64592344584,
      20134.5599247248,
      20136.555278489377,
      20132.32700567696,
      20141.64909567014,
      20173.060548936097,
      20226.63065129234,
      20122.654213542774,
      20193.34925973209,
      20106.025198101295,
      20203.16493754632,
      20112.980724030684,
      20132.01192212088,
      20112.064382473745,
      20115.899457615615,
      20189.59188171671,
      20137.439110581545,
      20155.060331198732,
      20167.823630821524,
      20311.76517395022,
      20273.94120304767,
      20224.772553202434,
      20215.185188503216,
      20264.402663317775,
      20103.01984428476,
      20167.279630415833,
      20132.910401803936
    ]
  },
  "nuc2:mbps": {
    "time": [
      0.003,
      1.013,
      2.02,
      3.026,
      4.032,
      5.04,
      6.046,
      7.053,
      8.06,
      9.066,
      10.072,
      11.079,
      12.086,
      13.093,
      14.099,
      15.105,
      16.112,
      17.119,
      18.126,
      19.133,
      20.14,
      21.146,
      22.152,
      23.158,
      24.164,
      25.171,
      26.177,
      27.183,
      28.188,
      29.195
    ],
    "val": [
      183.01835827174617,
      217.95294820444738,
      217.86310932299443,
      217.89646183870335,
      218.00040141743014,
      217.70700519160167,
      217.85478543982654,
      217.82297904236373,
      217.85719782280736,
      217.97659308649625,
      217.90210251266035,
      217.78032917143162,
      217.82346200525618,
      217.89653705810937,
      217.837009762684,
      217.97224121684312,
      217.9093075732273,
      217.67587712870002,
      217.9324582908205,
      217.80752664098102,
      217.77375672334182,
      217.98230608132047,
      217.98177844386004,
      217.99997982273015,
      217.99593326546724,
      217.83842206273874,
      218.22973153482357,
      216.9809333259901,
      218.04985227474938,
      217.91131666830876
    ]
  },
  "nuc2:cpu_perc": {
    "time": [
      0.0,
      1.011,
      2.018,
      3.024,
      4.03,
      5.038,
      6.045,
      7.051,
      8.058,
      9.064,
      10.071,
      11.078,
      12.084,
      13.091,
      14.098,
      15.104,
      16.11,
      17.117,
      18.124,
      19.13,
      20.138,
      21.144,
      22.15,
      23.157,
      24.162,
      25.168,
      26.175,
      27.181,
      28.186,
      29.193
    ],
    "val": [
      1.3,
      2.6,
      3.1,
      2.7,
      3.4,
      2.4,
      2.4,
      2.1,
      3.4,
      2.9,
      5.9,
      2.4,
      2.1,
      3.4,
      2.4,
      2.4,
      1.3,
      1.9,
      3.4,
      1.3,
      1.6,
      2.1,
      1.6,
      1.6,
      2.1,
      1.9,
      1.9,
      2.9,
      2.9,
      2.9
    ]
  }
}