{
  "nuc2:power": {
    "time": [
      0.026,
      1.069,
      2.096,
      3.119,
      4.176,
      5.197,
      6.224,
      7.248,
      8.277,
      9.322,
      10.346,
      11.37,
      12.395,
      13.445,
      14.52,
      15.558,
      16.614,
      17.647,
      18.675,
      19.755,
      20.82,
      21.842,
      22.867,
      23.894,
      24.945,
      25.969,
      26.993,
      28.039,
      29.128
    ],
    "val": [
      10772.0,
      10772.0,
      10847.0,
      10847.0,
      11486.0,
      11486.0,
      10584.0,
      10584.0,
      10509.0,
      10509.0,
      10622.0,
      10622.0,
      10659.0,
      10791.0,
      10791.0,
      10603.0,
      10603.0,
      10358.0,
      10358.0,
      10810.0,
      10810.0,
      10528.0,
      10528.0,
      10640.0,
      10640.0,
      10697.0,
      10415.0,
      10415.0,
      10471.0
    ]
  },
  "nuc2:pcks": {
    "time": [
      0.002,
      1.006,
      2.01,
      3.013,
      4.017,
      5.021,
      6.025,
      7.028,
      8.032,
      9.036,
      10.041,
      11.044,
      12.049,
      13.052,
      14.056,
      15.06,
      16.064,
      17.067,
      18.071,
      19.075,
      20.078,
      21.082,
      22.087,
      23.09,
      24.094,
      25.098,
      26.101,
      27.105,
      28.109,
      29.112
    ],
    "val": [
      60073.58026656057,
      82643.18120078504,
      79991.28034382255,
      79921.77881003488,
      80096.16070189755,
      80023.87743294516,
      79849.10951478961,
      80263.89164942928,
      80074.27015147246,
      80092.91509034844,
      79800.95859640957,
      79686.36852224152,
      79047.63985963179,
      80213.83087081775,
      79951.84513266664,
      79856.11717033377,
      79916.71416895617,
      79619.5391570558,
      79738.2973976494,
      79737.3961597725,
      79440.91927253932,
      79846.74143339776,
      78206.80301101581,
      81051.88303915852,
      79726.3845055211,
      79658.03956764539,
      79782.45037145328,
      79758.08381797481,
      79688.44248524802,
      79816.42395252205
    ]
  },
  "nuc2:mbps": {
    "time": [
      0.001,
      1.005,
      2.009,
      3.012,
      4.016,
      5.02,
      6.024,
      7.028,
      8.032,
      9.035,
      10.04,
      11.044,
      12.048,
      13.052,
      14.056,
      15.06,
      16.063,
      17.067,
      18.07,
      19.074,
      20.078,
      21.081,
      22.086,
      23.09,
      24.093,
      25.097,
      26.101,
      27.105,
      28.108,
      29.111
    ],
    "val": [
      650.0050382738546,
      900.3273164832588,
      870.3321774159652,
      871.6773416513676,
      870.9942807247107,
      871.0318116585044,
      869.6044094713432,
      872.4998811292741,
      870.3411859537767,
      871.7139278026432,
      869.9715976984651,
      871.8382538244697,
      864.4457656033012,
      877.1108716957851,
      870.2396109767851,
      871.7529515639183,
      870.8820871369372,
      869.9013611716616,
      871.7587904054071,
      871.0723090324809,
      868.87792878091,
      872.2736595514101,
      854.4218021956856,
      887.0743165534576,
      870.9418435435274,
      871.1275177082878,
      871.0204923707043,
      870.8738753722771,
      870.7089986340645,
      870.88838501597
    ]
  },
  "nuc2:cpu_perc": {
    "time": [
      0.0,
      1.004,
      2.008,
      3.012,
      4.015,
      5.019,
      6.023,
      7.027,
      8.031,
      9.034,
      10.038,
      11.043,
      12.046,
      13.051,
      14.054,
      15.059,
      16.062,
      17.066,
      18.07,
      19.073,
      20.077,
      21.081,
      22.084,
      23.089,
      24.093,
      25.096,
      26.1,
      27.104,
      28.107,
      29.111
    ],
    "val": [
      3.5,
      2.9,
      4.5,
      4.2,
      4.2,
      3.7,
      5.5,
      3.0,
      3.5,
      3.5,
      3.3,
      5.5,
      5.6,
      4.0,
      5.3,
      6.3,
      5.5,
      3.7,
      4.3,
      6.1,
      5.3,
      6.5,
      3.0,
      6.3,
      6.6,
      7.1,
      4.7,
      3.5,
      3.2,
      4.5
    ]
  }
}