{
  "nuc2:power": {
    "time": [
      0.091,
      1.138,
      2.17,
      3.252,
      4.276,
      5.536,
      6.573,
      7.659,
      8.71,
      9.769,
      10.819,
      11.854,
      12.88,
      13.904,
      14.939,
      15.961,
      16.987,
      18.038,
      19.061,
      20.09,
      21.13,
      22.162,
      23.233,
      24.272,
      25.296,
      26.336,
      27.375,
      28.401,
      29.428
    ],
    "val": [
      10133.0,
      11374.0,
      11374.0,
      10283.0,
      10152.0,
      10152.0,
      10189.0,
      10189.0,
      10377.0,
      10377.0,
      10377.0,
      10377.0,
      10546.0,
      10546.0,
      11129.0,
      11129.0,
      10565.0,
      10565.0,
      10434.0,
      10434.0,
      10415.0,
      10471.0,
      10471.0,
      10584.0,
      10584.0,
      10622.0,
      10622.0,
      10584.0,
      10584.0
    ]
  },
  "nuc2:pcks": {
    "time": [
      0.001,
      1.005,
      2.009,
      3.014,
      4.019,
      5.024,
      6.028,
      7.032,
      8.036,
      9.04,
      10.044,
      11.048,
      12.053,
      13.058,
      14.061,
      15.065,
      16.069,
      17.073,
      18.077,
      19.08,
      20.084,
      21.088,
      22.092,
      23.096,
      24.101,
      25.105,
      26.11,
      27.114,
      28.118,
      29.123
    ],
    "val": [
      71569.12239309038,
      70216.60462857822,
      70303.85770426507,
      70277.87223563553,
      70239.17396034059,
      70187.56022818448,
      70153.67978571208,
      70205.02171381992,
      70161.98436498697,
      70171.63911937403,
      70284.91783059742,
      70322.98345480661,
      70188.8601205521,
      70229.0183353841,
      70157.59750319639,
      70254.2841599313,
      70086.92187756531,
      70175.51393826814,
      70308.55174011542,
      70244.89920029191,
      70282.65504019249,
      70253.0998599783,
      70600.65226962691,
      70136.44129752212,
      70346.1530629467,
      70603.21497154767,
      70407.26219500905,
      70360.42610629584,
      70194.30273400547,
      70366.49200021179
    ]
  },
  "nuc2:mbps": {
    "time": [
      0.001,
      1.004,
      2.008,
      3.014,
      4.018,
      5.023,
      6.027,
      7.031,
      8.035,
      9.04,
      10.044,
      11.048,
      12.052,
      13.057,
      14.06,
      15.064,
      16.068,
      17.072,
      18.076,
      19.08,
      20.083,
      21.087,
      22.092,
      23.096,
      24.1,
      25.105,
      26.109,
      27.114,
      28.118,
      29.122
    ],
    "val": [
      757.6595929207219,
      762.4483469842062,
      762.1746065740022,
      762.6575038003372,
      762.3108959970535,
      762.1370850427991,
      761.8248987413668,
      762.7042955804246,
      762.4091118671606,
      761.9788702118186,
      762.8028378330448,
      762.2387977986762,
      762.0233650057323,
      762.4337081677679,
      762.2549176274097,
      762.7414870762194,
      761.883947734988,
      762.2530402688078,
      762.6677433623736,
      762.5108080046219,
      762.0176333288542,
      762.3724673385428,
      762.8471787499332,
      761.6967872773477,
      762.71104450543,
      762.5389147438331,
      762.4793351105423,
      762.3260603167715,
      762.1365123686343,
      763.0351349369294
    ]
  },
  "nuc2:cpu_perc": {
    "time": [
      0.0,
      1.003,
      2.007,
      3.011,
      4.016,
      5.021,
      6.026,
      7.03,
      8.034,
      9.039,
      10.042,
      11.046,
      12.051,
      13.055,
      14.06,
      15.063,
      16.067,
      17.071,
      18.075,
      19.079,
      20.082,
      21.086,
      22.09,
      23.094,
      24.099,
      25.103,
      26.108,
      27.112,
      28.117,
      29.121
    ],
    "val": [
      4.9,
      1.6,
      2.4,
      4.9,
      3.7,
      2.7,
      2.2,
      3.0,
      3.5,
      3.3,
      2.5,
      6.1,
      3.5,
      4.0,
      3.5,
      4.3,
      3.5,
      2.5,
      3.3,
      3.8,
      4.3,
      3.8,
      2.7,
      6.1,
      2.5,
      3.8,
      3.5,
      5.9,
      3.0,
      6.9
    ]
  }
}