{
  "nuc2:power": {
    "time": [
      0.022,
      1.045,
      2.069,
      3.097,
      4.15,
      5.243,
      6.326,
      7.359,
      8.402,
      9.428
    ],
    "val": [
      9813.0,
      10095.0,
      10095.0,
      10114.0,
      10114.0,
      10001.0,
      10001.0,
      10622.0,
      10622.0,
      10415.0
    ]
  },
  "nuc2:pcks": {
    "time": [
      0.001,
      1.005,
      2.008,
      3.012,
      4.016,
      5.021,
      6.026,
      7.03,
      8.034,
      9.038,
      10.042,
      11.047,
      12.05,
      13.054,
      14.059,
      15.062,
      16.066,
      17.069,
      18.073,
      19.078,
      20.082,
      21.086,
      22.089,
      23.093,
      24.097,
      25.101,
      26.105,
      27.109,
      28.113,
      29.116
    ],
    "val": [
      71634.56153232242,
      60803.81961096706,
      60764.005641598706,
      60638.67710798106,
      60583.9507934345,
      60728.52047826624,
      60441.98402829631,
      60462.66272643705,
      60634.370149523165,
      60699.07368691981,
      60720.33018296579,
      60722.097529774386,
      60736.14459632686,
      60560.56987221529,
      60898.97695499536,
      60740.508333345206,
      60751.65110818172,
      60642.84460661346,
      60699.27265826134,
      60715.67095902101,
      60593.96067499092,
      60427.56293800098,
      60485.529634514896,
      60622.977571849544,
      60755.71585754848,
      60630.24420578101,
      60462.9984833537,
      60662.27973703092,
      60609.2333108317,
      60588.889433997756
    ]
  },
  "nuc2:mbps": {
    "time": [
      0.001,
      1.004,
      2.007,
      3.011,
      4.015,
      5.02,
      6.025,
      7.03,
      8.033,
      9.038,
      10.041,
      11.046,
      12.05,
      13.054,
      14.058,
      15.062,
      16.065,
      17.069,
      18.073,
      19.077,
      20.081,
      21.085,
      22.089,
      23.092,
      24.097,
      25.1,
      26.104,
      27.108,
      28.112,
      29.116
    ],
    "val": [
      770.7825262327214,
      653.772757764997,
      653.9131810230923,
      653.5122732954754,
      653.7737416856316,
      653.8592866566455,
      653.4713287724103,
      653.4376628345526,
      653.796469211826,
      653.5804418362183,
      653.8955512505162,
      653.6923246925825,
      653.705126318057,
      651.9865339401448,
      655.4227476674432,
      653.9334202042554,
      653.9158011622496,
      653.4667603620829,
      653.7597946528188,
      653.7090316470983,
      653.8921038342062,
      653.2831068625181,
      653.922820587027,
      653.6506001667078,
      653.7110476054817,
      653.7777566861571,
      653.198015484517,
      654.0066871169346,
      653.3203563861507,
      653.661019640389
    ]
  },
  "nuc2:cpu_perc": {
    "time": [
      0.0,
      1.004,
      2.006,
      3.01,
      4.015,
      5.019,
      6.024,
      7.029,
      8.032,
      9.037,
      10.04,
      11.045,
      12.049,
      13.053,
      14.057,
      15.061,
      16.064,
      17.068,
      18.072,
      19.075,
      20.08,
      21.084,
      22.088,
      23.092,
      24.096,
      25.099,
      26.103,
      27.107,
      28.111,
      29.115
    ],
    "val": [
      2.1,
      3.2,
      3.3,
      3.8,
      3.3,
      4.1,
      3.3,
      4.3,
      3.2,
      4.0,
      6.1,
      6.6,
      4.6,
      4.3,
      4.1,
      4.0,
      4.0,
      3.5,
      3.8,
      5.3,
      5.6,
      3.3,
      1.4,
      3.5,
      4.6,
      9.1,
      4.6,
      6.3,
      6.4,
      2.5
    ]
  }
}