{
  "nuc2:power": {
    "time": [
      0.025,
      1.075,
      2.102,
      3.145,
      4.272,
      5.299,
      6.327,
      7.44,
      8.516,
      9.59,
      10.697,
      11.789,
      12.847,
      14.174,
      15.222,
      16.264,
      17.294,
      18.325,
      19.377,
      20.43,
      21.485,
      22.636,
      23.669,
      24.761,
      25.807,
      26.833,
      27.914,
      28.946,
      29.998
    ],
    "val": [
      6974.0,
      7632.0,
      7632.0,
      7632.0,
      7877.0,
      7877.0,
      7858.0,
      7858.0,
      7839.0,
      7839.0,
      7839.0,
      7745.0,
      7745.0,
      7858.0,
      7858.0,
      7858.0,
      7726.0,
      7726.0,
      7783.0,
      7783.0,
      7783.0,
      7595.0,
      7595.0,
      7820.0,
      7820.0,
      7820.0,
      7670.0,
      7670.0,
      7576.0
    ]
  },
  "nuc2:pcks": {
    "time": [
      0.002,
      1.008,
      2.014,
      3.021,
      4.026,
      5.034,
      6.042,
      7.049,
      8.058,
      9.066,
      10.074,
      11.082,
      12.09,
      13.098,
      14.106,
      15.113,
      16.122,
      17.13,
      18.138,
      19.145,
      20.153,
      21.161,
      22.168,
      23.175,
      24.183,
      25.191,
      26.198,
      27.205,
      28.212,
      29.219
    ],
    "val": [
      248.31100761731855,
      2.9847967154908783,
      2.9809613246998645,
      2.9810404218925464,
      2.980656980904759,
      2.9826571837906157,
      2.975964830249618,
      2.9766329251069847,
      2.976267512569928,
      2.9750114315194063,
      2.9766089839669347,
      2.9757959180488025,
      2.977037166024394,
      2.9750437878059945,
      2.9765097027609135,
      2.977061818412391,
      2.977084358095855,
      2.9751070956197547,
      2.9764498555880676,
      2.976264696636724,
      2.977402767586569,
      2.9767786927111586,
      2.9786051659975037,
      2.9776099112058825,
      2.977996092580518,
      3.968508749790365,
      2.9788315171716646,
      3.972070620834908,
      2.97972738725597,
      2.978544529469286
    ]
  },
  "nuc2:mbps": {
    "time": [
      0.001,
      1.007,
      2.013,
      3.02,
      4.025,
      5.032,
      6.04,
      7.048,
      8.056,
      9.064,
      10.072,
      11.08,
      12.089,
      13.097,
      14.104,
      15.112,
      16.12,
      17.128,
      18.136,
      19.144,
      20.152,
      21.159,
      22.167,
      23.174,
      24.182,
      25.189,
      26.196,
      27.203,
      28.21,
      29.217
    ],
    "val": [
      0.15494606875320677,
      0.0020535401402577242,
      0.0020509013913935065,
      0.0020509558102620716,
      0.002050692002862474,
      0.0020520681424479434,
      0.002047463803211737,
      0.0020479234524736056,
      0.0020476720486481102,
      0.002046807864885351,
      0.002047906980969251,
      0.0020473475916175763,
      0.0020482015702247827,
      0.002046830126010524,
      0.0020478386754995085,
      0.002048218531067725,
      0.0020482340383699477,
      0.002046873681786391,
      0.0020477975006445905,
      0.002047670111286066,
      0.0020484531040995593,
      0.002048023740585277,
      0.0020492803542062825,
      0.002048595618909647,
      0.0020488613116953964,
      0.0029208224398457085,
      0.002049436083814105,
      0.002923443976934492,
      0.002050052442432107,
      0.002049238636274869
    ]
  },
  "nuc2:cpu_perc": {
    "time": [
      0.0,
      1.005,
      2.011,
      3.018,
      4.024,
      5.03,
      6.038,
      7.046,
      8.054,
      9.062,
      10.07,
      11.078,
      12.086,
      13.094,
      14.102,
      15.11,
      16.117,
      17.126,
      18.134,
      19.142,
      20.149,
      21.157,
      22.164,
      23.172,
      24.179,
      25.187,
      26.194,
      27.201,
      28.208,
      29.215
    ],
    "val": [
      0.9,
      1.2,
      1.0,
      0.8,
      0.5,
      1.0,
      1.2,
      1.2,
      1.0,
      0.7,
      1.0,
      1.0,
      1.2,
      0.7,
      1.0,
      1.2,
      0.7,
      0.7,
      1.0,
      1.0,
      0.5,
      1.0,
      0.7,
      0.5,
      0.7,
      1.2,
      0.5,
      1.0,
      0.7,
      0.7
    ]
  }
}