{
  "nuc2:power": {
    "time": [
      0.086,
      1.15,
      2.193,
      3.246,
      4.318,
      5.347,
      6.389,
      7.412,
      8.433,
      9.463,
      10.486,
      11.513,
      12.549,
      13.591,
      14.614,
      15.639,
      16.666,
      17.687,
      18.716,
      19.773,
      20.817,
      21.86,
      22.898,
      23.925,
      24.952,
      25.975,
      27.004,
      28.058,
      29.111
    ],
    "val": [
      8817.0,
      8817.0,
      8892.0,
      8892.0,
      8986.0,
      8986.0,
      9080.0,
      9080.0,
      9080.0,
      9005.0,
      9005.0,
      8930.0,
      8930.0,
      8948.0,
      8948.0,
      8967.0,
      8967.0,
      8967.0,
      9118.0,
      9118.0,
      9268.0,
      9268.0,
      8930.0,
      8930.0,
      8836.0,
      8836.0,
      8948.0,
      8948.0,
      8892.0
    ]
  },
  "nuc2:pcks": {
    "time": [
      0.003,
      1.01,
      2.015,
      3.022,
      4.028,
      5.034,
      6.04,
      7.046,
      8.053,
      9.058,
      10.063,
      11.069,
      12.075,
      13.081,
      14.087,
      15.094,
      16.1,
      17.107,
      18.113,
      19.119,
      20.125,
      21.131,
      22.137,
      23.142,
      24.148,
      25.153,
      26.159,
      27.165,
      28.17,
      29.175
    ],
    "val": [
      35962.22028126127,
      30204.388493857245,
      30326.632141852755,
      30074.041167717907,
      30389.663023329955,
      30521.89316591112,
      30527.566669059845,
      30172.296790795823,
      30540.89424015127,
      30490.36642186203,
      30421.833781697307,
      30150.387783065384,
      30273.34628437816,
      30336.160693687376,
      30083.26741136382,
      30228.84545130052,
      30228.282199158904,
      30300.300042347266,
      30292.772639639203,
      30326.066735086668,
      30246.839873174755,
      30173.626055689798,
      30345.570516041767,
      30228.18901966626,
      30138.374385301475,
      30424.458084852897,
      30221.691429308732,
      30172.824568311462,
      30201.659957546253,
      30223.465083524396
    ]
  },
  "nuc2:mbps": {
    "time": [
      0.002,
      1.009,
      2.014,
      3.02,
      4.027,
      5.033,
      6.039,
      7.045,
      8.052,
      9.057,
      10.062,
      11.069,
      12.074,
      13.08,
      14.086,
      15.093,
      16.099,
      17.105,
      18.112,
      19.118,
      20.124,
      21.13,
      22.136,
      23.141,
      24.147,
      25.152,
      26.158,
      27.164,
      28.169,
      29.175
    ],
    "val": [
      384.17599687679797,
      326.80245884593324,
      326.95263148365643,
      327.02394826125425,
      326.9020283520436,
      327.0227888171469,
      326.60173162569475,
      326.5430466408662,
      327.4250233655887,
      326.72932211694393,
      327.32171530204,
      326.06496966136314,
      327.0899734896646,
      326.9332521233084,
      326.86799876324034,
      327.00214612490345,
      326.7075361809363,
      326.92403422611545,
      326.2058081836146,
      327.2904786199705,
      326.4348687396471,
      326.95888711619057,
      326.9638244872939,
      327.2604709519537,
      325.96300753440505,
      327.1643220391168,
      326.92099772405066,
      326.9643324136539,
      326.38201097808894,
      327.08990349971515
    ]
  },
  "nuc2:cpu_perc": {
    "time": [
      0.0,
      1.006,
      2.013,
      3.018,
      4.025,
      5.031,
      6.037,
      7.043,
      8.05,
      9.056,
      10.061,
      11.066,
      12.073,
      13.078,
      14.085,
      15.09,
      16.097,
      17.104,
      18.109,
      19.116,
      20.122,
      21.128,
      22.135,
      23.139,
      24.145,
      25.151,
      26.156,
      27.162,
      28.168,
      29.173
    ],
    "val": [
      2.5,
      2.7,
      3.7,
      2.7,
      3.5,
      3.2,
      5.1,
      2.7,
      3.8,
      2.7,
      3.3,
      4.5,
      7.1,
      3.0,
      2.2,
      2.4,
      3.8,
      3.8,
      2.7,
      4.8,
      3.2,
      3.7,
      3.2,
      1.6,
      2.2,
      3.2,
      2.7,
      1.9,
      2.2,
      2.4
    ]
  }
}