{
  "nuc2:power": {
    "time": [
      0.072,
      1.118,
      2.211,
      3.267,
      4.384,
      5.529,
      6.632,
      7.722,
      8.798,
      9.874,
      10.904,
      11.955,
      12.987,
      14.016,
      15.059,
      16.092,
      17.121,
      18.166,
      19.201,
      20.275,
      21.299,
      22.33,
      23.354,
      24.381,
      25.566,
      26.617,
      27.649,
      28.683,
      29.715
    ],
    "val": [
      7576.0,
      8196.0,
      8196.0,
      8159.0,
      8159.0,
      8215.0,
      8215.0,
      8215.0,
      8347.0,
      8347.0,
      8065.0,
      8065.0,
      8121.0,
      8121.0,
      8121.0,
      7914.0,
      7914.0,
      8196.0,
      8196.0,
      8196.0,
      8309.0,
      8309.0,
      8347.0,
      8347.0,
      8178.0,
      8178.0,
      8178.0,
      8384.0,
      8384.0
    ]
  },
  "nuc2:pcks": {
    "time": [
      0.001,
      1.008,
      2.014,
      3.02,
      4.026,
      5.032,
      6.04,
      7.047,
      8.053,
      9.06,
      10.068,
      11.074,
      12.081,
      13.088,
      14.095,
      15.101,
      16.107,
      17.113,
      18.119,
      19.125,
      20.132,
      21.139,
      22.145,
      23.151,
      24.158,
      25.165,
      26.173,
      27.18,
      28.187,
      29.194
    ],
    "val": [
      16755.69492395089,
      10051.961921463433,
      10043.298294436683,
      10091.376976350879,
      10085.914192569633,
      10019.565792493377,
      10151.519772065692,
      10101.116511154689,
      10044.111163847781,
      10034.766510561929,
      10030.002696087311,
      10028.497062571116,
      10057.682319026038,
      9989.673433158749,
      10075.798168696016,
      10021.43421051385,
      10037.509311980233,
      10086.782325747205,
      10058.151898158329,
      9985.969530358028,
      10067.719539678576,
      10047.269583963613,
      10082.748088710365,
      10003.265354141702,
      10038.616624220302,
      10174.938507564975,
      10051.84906128318,
      10094.936087915916,
      10124.308097981235,
      10051.896352323281
    ]
  },
  "nuc2:mbps": {
    "time": [
      0.001,
      1.006,
      2.012,
      3.018,
      4.025,
      5.031,
      6.038,
      7.045,
      8.052,
      9.059,
      10.066,
      11.073,
      12.08,
      13.086,
      14.093,
      15.1,
      16.106,
      17.112,
      18.118,
      19.124,
      20.131,
      21.138,
      22.144,
      23.149,
      24.157,
      25.164,
      26.172,
      27.179,
      28.186,
      29.192
    ],
    "val": [
      175.89482898882167,
      109.09004414061074,
      108.96485479289264,
      109.0367942783986,
      108.87978192446866,
      107.97481857649159,
      109.7434998614908,
      109.06680552919275,
      108.86904971949839,
      108.91652353004929,
      108.91824544936784,
      108.82493418664365,
      108.97802043863005,
      108.60587804384626,
      109.17727692321608,
      108.90169374780895,
      108.91284118294455,
      109.01770477744869,
      108.82721198225808,
      108.12842396079185,
      109.58244667885609,
      108.83002183065861,
      109.18771812006783,
      108.12360893397432,
      108.85362369874167,
      109.97728641835945,
      108.63207081138056,
      108.89447461322091,
      109.10391398297774,
      108.71363419457812
    ]
  },
  "nuc2:cpu_perc": {
    "time": [
      0.0,
      1.004,
      2.011,
      3.016,
      4.023,
      5.029,
      6.036,
      7.044,
      8.05,
      9.057,
      10.064,
      11.071,
      12.078,
      13.084,
      14.091,
      15.098,
      16.104,
      17.11,
      18.116,
      19.123,
      20.129,
      21.135,
      22.142,
      23.147,
      24.154,
      25.162,
      26.169,
      27.177,
      28.184,
      29.19
    ],
    "val": [
      0.9,
      1.0,
      1.8,
      2.3,
      1.8,
      2.6,
      3.9,
      2.6,
      2.3,
      2.1,
      2.1,
      1.8,
      2.1,
      2.3,
      2.3,
      1.8,
      2.1,
      2.1,
      1.6,
      1.5,
      2.1,
      1.8,
      2.6,
      1.6,
      1.6,
      2.6,
      1.6,
      2.1,
      2.1,
      1.6
    ]
  }
}