{
  "nuc2:power": {
    "time": [
      0.019,
      1.071,
      2.125,
      3.148,
      4.197,
      5.222,
      6.249,
      7.282,
      8.391,
      9.458,
      10.499,
      11.564,
      12.618,
      13.696,
      14.732,
      15.75,
      16.779,
      17.807,
      18.855,
      19.915,
      20.959,
      22.027,
      23.049,
      24.074,
      25.093,
      26.184,
      27.238,
      28.282
    ],
    "val": [
      8779.0,
      8779.0,
      9531.0,
      9531.0,
      9907.0,
      9907.0,
      9682.0,
      9682.0,
      9982.0,
      9982.0,
      9512.0,
      9512.0,
      9531.0,
      9531.0,
      9381.0,
      9381.0,
      9682.0,
      9682.0,
      9550.0,
      9550.0,
      9757.0,
      9757.0,
      9682.0,
      9682.0,
      10001.0,
      10001.0,
      9494.0,
      9494.0
    ]
  },
  "nuc2:pcks": {
    "time": [
      0.002,
      1.007,
      2.012,
      3.017,
      4.021,
      5.026,
      6.03,
      7.035,
      8.039,
      9.044,
      10.049,
      11.053,
      12.058,
      13.063,
      14.067,
      15.071,
      16.076,
      17.081,
      18.085,
      19.089,
      20.093,
      21.098,
      22.102,
      23.106,
      24.111,
      25.115,
      26.119,
      27.122,
      28.126,
      29.13
    ],
    "val": [
      61347.5306836248,
      40920.50997974862,
      40845.2856373254,
      40819.77937196403,
      40975.03320420665,
      40928.500837952175,
      40890.62387731719,
      40863.62096812848,
      40916.56687039098,
      40860.375011872515,
      40718.76988259815,
      40849.82356597888,
      40986.70997540628,
      40750.542682148356,
      40927.70245142044,
      41005.17019339144,
      40939.979636131626,
      40921.4906257037,
      40935.60337573767,
      41001.3457451217,
      40869.49619158718,
      41082.50650455927,
      40770.78412529156,
      40865.738448933065,
      40854.27617780482,
      41033.64779588204,
      41047.716926978515,
      40841.300408836025,
      40882.54403653503,
      40894.36219967048
    ]
  },
  "nuc2:mbps": {
    "time": [
      0.001,
      1.006,
      2.011,
      3.016,
      4.02,
      5.025,
      6.03,
      7.035,
      8.039,
      9.043,
      10.048,
      11.053,
      12.057,
      13.062,
      14.066,
      15.071,
      16.075,
      17.08,
      18.085,
      19.089,
      20.093,
      21.097,
      22.101,
      23.105,
      24.11,
      25.114,
      26.118,
      27.121,
      28.125,
      29.13
    ],
    "val": [
      647.0475207291997,
      436.20162816675895,
      435.6826328928754,
      435.77266158148717,
      436.42237565134565,
      436.066732387146,
      436.1877605571882,
      436.3362489740834,
      436.1502426129322,
      436.0145313819606,
      435.6422467182161,
      435.690572355161,
      436.588698843987,
      436.012452930069,
      435.90039241559504,
      435.97939530528726,
      435.9098359389844,
      436.1366510471198,
      436.4155862218764,
      436.1869061569154,
      436.0026291551219,
      435.89320255805467,
      436.11372242442667,
      436.0919069402017,
      436.2071381838511,
      436.29512471626794,
      436.17607178467244,
      435.78093815495004,
      436.0150943355268,
      436.0716008037427
    ]
  },
  "nuc2:cpu_perc": {
    "time": [
      0.0,
      1.004,
      2.01,
      3.014,
      4.019,
      5.024,
      6.028,
      7.033,
      8.038,
      9.042,
      10.046,
      11.051,
      12.056,
      13.061,
      14.065,
      15.069,
      16.074,
      17.079,
      18.083,
      19.088,
      20.092,
      21.095,
      22.1,
      23.104,
      24.108,
      25.113,
      26.117,
      27.121,
      28.124,
      29.128
    ],
    "val": [
      4.0,
      3.0,
      3.2,
      3.0,
      4.0,
      3.8,
      3.8,
      3.7,
      2.2,
      3.2,
      4.6,
      4.8,
      3.0,
      4.4,
      4.6,
      2.4,
      6.6,
      4.5,
      2.9,
      3.5,
      2.1,
      3.5,
      3.8,
      3.5,
      3.5,
      4.3,
      3.5,
      3.8,
      1.6,
      2.4
    ]
  }
}