{
  "nuc2:pcks": {
    "time": [
      1.665,
      2.669,
      3.674,
      4.678,
      5.683,
      6.687,
      7.692,
      8.696,
      9.7,
      10.704,
      11.71,
      12.714,
      13.718,
      14.722,
      15.727,
      16.732,
      17.736,
      18.741,
      19.746,
      20.75,
      21.755,
      22.76,
      23.764,
      24.769,
      25.772,
      26.776,
      27.781,
      28.785,
      29.788,
      30.792
    ],
    "val": [
      56685.79181683273,
      50809.6347872143,
      50874.7783860253,
      50922.29527599128,
      50928.31019432738,
      50942.3188985159,
      50848.80450719258,
      50927.234177632876,
      50837.99723978835,
      50989.93347945544,
      50932.46835023021,
      50991.74719025436,
      50736.941919412006,
      50915.3856173556,
      50913.72105736011,
      50990.27588013531,
      50795.710973697736,
      50878.06248893786,
      50869.0803314422,
      50963.935181768895,
      50955.23049363379,
      50894.76031372639,
      50918.577639369825,
      50830.86743445002,
      50965.6381359327,
      50853.53101773911,
      50970.342761658816,
      50879.68231641432,
      50870.65997361105,
      50887.356510800266
    ]
  },
  "nuc2:mbps": {
    "time": [
      1.664,
      2.668,
      3.673,
      4.677,
      5.682,
      6.686,
      7.69,
      8.695,
      9.7,
      10.703,
      11.708,
      12.713,
      13.717,
      14.722,
      15.726,
      16.731,
      17.735,
      18.74,
      19.745,
      20.749,
      21.754,
      22.759,
      23.763,
      24.768,
      25.771,
      26.776,
      27.78,
      28.784,
      29.787,
      30.791
    ],
    "val": [
      614.7958696730973,
      544.9483480615394,
      545.20199457229,
      544.5771148697902,
      545.3694520054369,
      544.75264452408,
      544.5091792729723,
      545.1716967075271,
      544.8066327825293,
      545.2794362931174,
      544.9876770840182,
      545.084188613922,
      544.7468376347107,
      545.0881099798082,
      545.008887899466,
      544.9012962435258,
      544.8641960357318,
      545.1569458773425,
      544.5359884639887,
      544.8404015936278,
      545.2558199582508,
      544.762161060822,
      545.3029432626885,
      544.5855944660976,
      545.3341696816997,
      544.5567697691578,
      545.5538316930274,
      544.5291879832313,
      544.9393834924693,
      544.8973405172179
    ]
  },
  "nuc2:power": {
    "time": [
      0.0,
      1.693,
      2.725,
      3.773,
      4.83,
      5.893,
      6.949,
      8.002,
      9.119,
      10.153,
      11.198,
      12.227,
      13.255,
      14.312,
      15.363,
      16.476,
      17.515,
      18.635,
      19.659,
      20.703,
      21.735,
      22.795,
      23.839,
      24.876,
      25.92,
      26.977,
      28.018,
      29.066,
      30.102,
      31.219
    ],
    "val": [
      10114.0,
      9418.0,
      9418.0,
      9682.0,
      9682.0,
      9926.0,
      9926.0,
      9926.0,
      9926.0,
      9738.0,
      9738.0,
      9494.0,
      9494.0,
      10152.0,
      10152.0,
      10114.0,
      10246.0,
      10246.0,
      9945.0,
      9945.0,
      10264.0,
      10264.0,
      9870.0,
      9870.0,
      9870.0,
      9870.0,
      9738.0,
      9738.0,
      9982.0,
      9982.0
    ]
  },
  "nuc2:cpu_perc": {
    "time": [
      1.662,
      2.667,
      3.671,
      4.676,
      5.68,
      6.685,
      7.69,
      8.694,
      9.698,
      10.702,
      11.707,
      12.712,
      13.716,
      14.72,
      15.725,
      16.729,
      17.734,
      18.739,
      19.744,
      20.748,
      21.752,
      22.757,
      23.762,
      24.767,
      25.77,
      26.774,
      27.779,
      28.783,
      29.787,
      30.79
    ],
    "val": [
      2.5,
      3.2,
      6.9,
      3.0,
      3.8,
      3.0,
      4.8,
      3.2,
      3.3,
      3.8,
      4.3,
      4.5,
      3.0,
      3.2,
      5.1,
      4.0,
      4.1,
      5.5,
      3.9,
      3.0,
      7.1,
      5.9,
      4.4,
      4.2,
      2.8,
      2.4,
      5.5,
      4.6,
      1.9,
      4.2
    ]
  }
}