{
  "nuc3:power": {
    "time": [
      0.023,
      1.058,
      2.086,
      3.111,
      4.144,
      5.173,
      6.199,
      7.24,
      8.274,
      9.305,
      10.332,
      11.362,
      12.389,
      13.419,
      14.446,
      15.473,
      16.501,
      17.528,
      18.561,
      19.588,
      20.616,
      21.645,
      22.749,
      23.779,
      24.806,
      25.846,
      26.871,
      27.902,
      28.93,
      29.956
    ],
    "val": [
      16525.0,
      16318.0,
      16807.0,
      16525.0,
      15190.0,
      15190.0,
      14870.0,
      16036.0,
      16901.0,
      16036.0,
      15397.0,
      15397.0,
      15209.0,
      15904.0,
      15491.0,
      17126.0,
      17051.0,
      16619.0,
      16619.0,
      15002.0,
      15698.0,
      17183.0,
      16224.0,
      17089.0,
      16544.0,
      16374.0,
      16374.0,
      14400.0,
      15265.0,
      16562.0
    ]
  },
  "nuc3:mbps": {
    "time": [
      0.001,
      1.004,
      2.007,
      3.01,
      4.013,
      5.016,
      6.019,
      7.021,
      8.024,
      9.027,
      10.031,
      11.034,
      12.036,
      13.039,
      14.042,
      15.045,
      16.05,
      17.053,
      18.056,
      19.059,
      20.062,
      21.065,
      22.068,
      23.07,
      24.073,
      25.076,
      26.079,
      27.082,
      28.085,
      29.088
    ],
    "val": [
      486.60087831669904,
      435.8237472861699,
      436.7343853703219,
      435.76160823509525,
      436.3378281975923,
      436.3676001026153,
      435.6802126554611,
      435.81402042119225,
      435.6203290331017,
      436.4147919467643,
      436.1255799193634,
      435.4466696017488,
      435.9900037601555,
      436.4212099011756,
      436.308884241756,
      435.69852967558285,
      434.49691870747415,
      438.0362144083311,
      435.95660590625675,
      435.9227872721484,
      436.5468969004698,
      437.0033873123395,
      435.81989391617327,
      436.88074746925474,
      436.36160051144924,
      436.6840594269843,
      435.652347630891,
      436.0250949682229,
      436.51378024935394,
      435.4139308286452
    ]
  },
  "nuc3:cpu_perc": {
    "time": [
      0.0,
      1.003,
      2.006,
      3.009,
      4.012,
      5.015,
      6.018,
      7.02,
      8.023,
      9.026,
      10.029,
      11.033,
      12.035,
      13.038,
      14.041,
      15.044,
      16.047,
      17.052,
      18.055,
      19.058,
      20.061,
      21.064,
      22.067,
      23.069,
      24.072,
      25.075,
      26.078,
      27.081,
      28.084,
      29.087
    ],
    "val": [
      11.9,
      10.4,
      10.6,
      10.1,
      16.1,
      12.4,
      14.9,
      10.9,
      11.0,
      13.2,
      11.9,
      13.0,
      14.0,
      16.1,
      13.8,
      13.3,
      14.8,
      17.5,
      13.1,
      17.2,
      14.2,
      13.8,
      17.1,
      16.4,
      16.1,
      20.0,
      16.5,
      13.2,
      13.1,
      12.5
    ]
  }
}