{
  "nuc3:power": {
    "time": [
      0.028,
      1.062,
      2.089,
      3.119,
      4.148,
      5.186,
      6.215,
      7.242,
      8.277,
      9.307,
      10.337,
      11.365,
      12.409,
      13.455,
      14.488,
      15.523,
      16.556,
      17.586,
      18.619,
      19.649,
      20.682,
      21.712,
      22.741,
      23.785,
      24.834,
      25.866,
      26.905,
      27.936,
      28.969,
      29.997
    ],
    "val": [
      10565.0,
      10170.0,
      10170.0,
      9982.0,
      9982.0,
      10321.0,
      10321.0,
      10340.0,
      10340.0,
      10396.0,
      10396.0,
      10227.0,
      10227.0,
      10358.0,
      10095.0,
      10095.0,
      9964.0,
      9964.0,
      9738.0,
      9738.0,
      9738.0,
      9738.0,
      9888.0,
      9888.0,
      9663.0,
      9663.0,
      9738.0,
      9982.0,
      9982.0,
      9945.0
    ]
  },
  "nuc3:mbps": {
    "time": [
      0.003,
      1.009,
      2.012,
      3.016,
      4.021,
      5.024,
      6.028,
      7.031,
      8.036,
      9.04,
      10.044,
      11.047,
      12.051,
      13.057,
      14.063,
      15.068,
      16.074,
      17.079,
      18.084,
      19.088,
      20.092,
      21.098,
      22.104,
      23.11,
      24.116,
      25.122,
      26.126,
      27.131,
      28.136,
      29.14
    ],
    "val": [
      214.86424664088497,
      108.65765950876128,
      109.49327809081689,
      109.84328459438849,
      109.7508756620621,
      109.54022242303735,
      108.86140811009999,
      109.76077294143116,
      109.34384471068628,
      109.81823512611606,
      109.09037005522086,
      109.25813406277166,
      109.78366440722661,
      109.72675472226953,
      109.55033910638224,
      109.58177045073529,
      109.3662108402558,
      108.88686510649883,
      109.73149994626952,
      109.93961414407688,
      109.9314424992951,
      109.32939906579956,
      108.94071280087311,
      109.83662038530163,
      108.87569052495381,
      109.48443495771085,
      109.5627330568862,
      109.66261649017103,
      109.64836839901379,
      110.03606310423973
    ]
  },
  "nuc3:cpu_perc": {
    "time": [
      0.0,
      1.006,
      2.01,
      3.014,
      4.018,
      5.022,
      6.026,
      7.03,
      8.034,
      9.038,
      10.042,
      11.046,
      12.049,
      13.054,
      14.06,
      15.066,
      16.071,
      17.077,
      18.082,
      19.087,
      20.091,
      21.095,
      22.101,
      23.107,
      24.113,
      25.119,
      26.125,
      27.129,
      28.134,
      29.139
    ],
    "val": [
      16.5,
      10.9,
      13.5,
      12.2,
      13.3,
      12.3,
      13.3,
      10.8,
      11.4,
      12.4,
      11.9,
      12.0,
      12.7,
      12.4,
      12.0,
      12.1,
      14.1,
      14.5,
      14.6,
      15.8,
      15.7,
      10.9,
      13.7,
      12.6,
      11.6,
      10.7,
      11.9,
      12.7,
      11.1,
      16.3
    ]
  }
}