{
  "nuc3:power": {
    "time": [
      0.029,
      1.082,
      2.122,
      3.149,
      4.178,
      5.209,
      6.234,
      7.27,
      8.336,
      9.378,
      10.433,
      11.462,
      12.493,
      13.527,
      14.554,
      15.586,
      16.62,
      17.646,
      18.673,
      19.719,
      20.758,
      21.788,
      22.822,
      23.855,
      24.882,
      25.912,
      26.941,
      27.982,
      29.013
    ],
    "val": [
      21488.0,
      21864.0,
      21845.0,
      22202.0,
      22259.0,
      22278.0,
      20886.0,
      21206.0,
      21845.0,
      22409.0,
      21977.0,
      21488.0,
      21902.0,
      22090.0,
      21996.0,
      22127.0,
      22052.0,
      21244.0,
      21845.0,
      20661.0,
      20830.0,
      20642.0,
      22503.0,
      22390.0,
      20736.0,
      20886.0,
      20454.0,
      20586.0,
      20398.0
    ]
  },
  "nuc3:mbps": {
    "time": [
      0.002,
      1.005,
      2.008,
      3.011,
      4.014,
      5.017,
      6.02,
      7.023,
      8.025,
      9.029,
      10.031,
      11.035,
      12.037,
      13.04,
      14.043,
      15.046,
      16.049,
      17.051,
      18.054,
      19.057,
      20.06,
      21.062,
      22.065,
      23.068,
      24.071,
      25.073,
      26.076,
      27.077,
      28.08,
      29.083
    ],
    "val": [
      890.9960132181127,
      871.426279234704,
      871.2053110362233,
      870.5629136047615,
      870.6033153209585,
      872.02801109093,
      867.621325826043,
      874.9328550878394,
      870.661152477378,
      871.123050792814,
      871.32157839316,
      871.0326419476534,
      870.6929945551545,
      871.3888075275327,
      870.9090523170909,
      871.2010776697326,
      871.1597515740962,
      871.0260485029122,
      868.142460956991,
      874.2974561481163,
      870.9312413844535,
      871.3328067724169,
      870.0134166221836,
      872.0570340658277,
      871.1286679221564,
      871.2662207625403,
      871.0361078046618,
      871.1835090355918,
      870.897227843252,
      870.8626874096979
    ]
  },
  "nuc3:cpu_perc": {
    "time": [
      0.0,
      1.004,
      2.007,
      3.01,
      4.013,
      5.016,
      6.019,
      7.022,
      8.024,
      9.027,
      10.031,
      11.034,
      12.036,
      13.039,
      14.042,
      15.045,
      16.048,
      17.051,
      18.054,
      19.056,
      20.059,
      21.062,
      22.064,
      23.067,
      24.07,
      25.072,
      26.075,
      27.076,
      28.079,
      29.082
    ],
    "val": [
      23.5,
      24.1,
      24.2,
      22.9,
      25.3,
      25.1,
      27.0,
      28.4,
      25.0,
      25.5,
      25.2,
      25.3,
      24.8,
      24.3,
      26.4,
      25.8,
      28.6,
      27.9,
      26.4,
      25.6,
      31.3,
      27.9,
      26.2,
      25.1,
      26.1,
      25.6,
      29.8,
      27.3,
      27.5,
      25.9
    ]
  }
}