{
  "nuc3:power": {
    "time": [
      0.024,
      1.052,
      2.078,
      3.104,
      4.178,
      5.214,
      6.243,
      8.286,
      9.315,
      10.35,
      11.376,
      12.403,
      13.43,
      14.457,
      15.485,
      16.513,
      17.558,
      18.6,
      19.64,
      20.678,
      21.706,
      22.736,
      23.763,
      24.801,
      25.828,
      26.853,
      27.881,
      28.938,
      29.968
    ],
    "val": [
      17897.0,
      19777.0,
      18311.0,
      18142.0,
      18029.0,
      18292.0,
      18198.0,
      18160.0,
      18179.0,
      18236.0,
      18386.0,
      18217.0,
      18236.0,
      18236.0,
      17878.0,
      18254.0,
      18198.0,
      18273.0,
      18123.0,
      18254.0,
      17972.0,
      18424.0,
      18142.0,
      18348.0,
      18348.0,
      18123.0,
      18348.0,
      18273.0,
      18649.0
    ]
  },
  "nuc3:mbps": {
    "time": [
      0.002,
      1.005,
      2.008,
      3.011,
      4.014,
      5.017,
      6.019,
      7.022,
      8.024,
      9.027,
      10.03,
      11.032,
      12.035,
      13.038,
      14.041,
      15.045,
      16.048,
      17.05,
      18.053,
      19.056,
      20.058,
      21.061,
      22.064,
      23.067,
      24.069,
      25.072,
      26.075,
      27.077,
      28.08,
      29.083
    ],
    "val": [
      812.0983242455401,
      544.6654528580466,
      545.2896760395187,
      545.5882351762428,
      544.7977354497315,
      544.805458963358,
      544.7604504821496,
      545.1224589617508,
      544.6904273168835,
      545.5581587673134,
      544.6427621001496,
      545.487422452459,
      544.539985483835,
      545.041228344155,
      545.4239496324528,
      544.6022115204912,
      545.1062198916528,
      544.7315640044332,
      545.3522397391573,
      544.5415970885501,
      545.6883922586613,
      544.3793303970518,
      545.58712053553,
      544.549352589168,
      545.1343336315844,
      545.1057849867912,
      544.8374713878985,
      545.2154943750969,
      544.4923171806867,
      545.4619215251593
    ]
  },
  "nuc3:cpu_perc": {
    "time": [
      0.0,
      1.004,
      2.007,
      3.01,
      4.013,
      5.016,
      6.018,
      7.021,
      8.024,
      9.026,
      10.029,
      11.032,
      12.034,
      13.037,
      14.04,
      15.043,
      16.047,
      17.049,
      18.052,
      19.055,
      20.058,
      21.06,
      22.063,
      23.066,
      24.068,
      25.071,
      26.074,
      27.076,
      28.079,
      29.082
    ],
    "val": [
      17.1,
      17.8,
      19.4,
      16.8,
      17.7,
      16.2,
      16.8,
      17.9,
      16.7,
      18.7,
      19.1,
      18.5,
      19.1,
      18.5,
      20.1,
      18.6,
      19.7,
      16.4,
      15.1,
      14.9,
      15.8,
      19.0,
      17.3,
      14.8,
      16.7,
      16.0,
      17.6,
      18.4,
      16.8,
      15.3
    ]
  }
}