{
  "nuc3:power": {
    "time": [
      0.022,
      1.058,
      2.099,
      3.131,
      4.166,
      5.196,
      6.229,
      7.263,
      8.301,
      9.337,
      10.365,
      11.411,
      12.445,
      13.473,
      14.51,
      15.539,
      16.567,
      17.598,
      18.631,
      19.665,
      20.702,
      21.732,
      22.793,
      23.822,
      24.851,
      25.884,
      26.919,
      27.948,
      28.975,
      30.003
    ],
    "val": [
      10546.0,
      10546.0,
      11505.0,
      11787.0,
      11787.0,
      11938.0,
      11938.0,
      11355.0,
      11073.0,
      11073.0,
      11223.0,
      11223.0,
      11167.0,
      11956.0,
      11956.0,
      11430.0,
      11355.0,
      11355.0,
      11110.0,
      11110.0,
      11674.0,
      12539.0,
      12539.0,
      12389.0,
      11731.0,
      11731.0,
      11355.0,
      11355.0,
      10885.0,
      11543.0
    ]
  },
  "nuc3:mbps": {
    "time": [
      0.001,
      1.005,
      2.008,
      3.012,
      4.016,
      5.019,
      6.024,
      7.027,
      8.032,
      9.035,
      10.039,
      11.042,
      12.046,
      13.05,
      14.053,
      15.056,
      16.06,
      17.064,
      18.068,
      19.071,
      20.074,
      21.078,
      22.081,
      23.084,
      24.087,
      25.091,
      26.094,
      27.098,
      28.101,
      29.104
    ],
    "val": [
      191.98575372446192,
      218.1346421646227,
      218.87603265242,
      217.73585009447896,
      218.64019470571867,
      217.85043573126165,
      217.64927731420997,
      218.77881909060318,
      217.6927261138646,
      218.7052616412322,
      217.84061672269362,
      218.85809526508643,
      217.7695311224156,
      218.7880500975732,
      217.90902251625454,
      217.83968677913046,
      218.86617628742226,
      217.6978789203175,
      219.1457863193802,
      217.8901415487615,
      218.59567812741307,
      218.09379324638115,
      217.76745448573544,
      218.68622582679768,
      217.80430720670023,
      217.8330948974962,
      218.96691611810314,
      217.8234364462968,
      218.92067625447027,
      218.15181167890867
    ]
  },
  "nuc3:cpu_perc": {
    "time": [
      0.0,
      1.004,
      2.007,
      3.011,
      4.015,
      5.018,
      6.022,
      7.026,
      8.03,
      9.034,
      10.038,
      11.041,
      12.045,
      13.048,
      14.051,
      15.055,
      16.058,
      17.062,
      18.066,
      19.07,
      20.073,
      21.077,
      22.08,
      23.083,
      24.086,
      25.089,
      26.093,
      27.096,
      28.1,
      29.103
    ],
    "val": [
      13.1,
      15.3,
      11.9,
      11.2,
      10.7,
      10.9,
      13.5,
      13.0,
      15.8,
      12.9,
      14.8,
      12.2,
      13.6,
      11.3,
      14.8,
      14.4,
      14.0,
      14.3,
      16.5,
      16.8,
      13.1,
      13.0,
      12.5,
      11.1,
      13.7,
      15.2,
      16.9,
      14.2,
      16.3,
      15.2
    ]
  }
}