{
  "nuc3:power": {
    "time": [
      0.032,
      1.06,
      2.099,
      3.149,
      4.201,
      5.233,
      6.269,
      7.297,
      8.32,
      9.342,
      10.366,
      11.389,
      12.441,
      13.474,
      14.499,
      15.526,
      16.548,
      17.571,
      18.597,
      19.628,
      20.671,
      21.693,
      22.715,
      23.737,
      24.764,
      25.789,
      26.814,
      27.839,
      28.861,
      29.885
    ],
    "val": [
      8196.0,
      8196.0,
      8478.0,
      8478.0,
      8478.0,
      7914.0,
      7914.0,
      7914.0,
      7914.0,
      7914.0,
      7990.0,
      7990.0,
      7858.0,
      7858.0,
      8008.0,
      8008.0,
      8008.0,
      7802.0,
      7802.0,
      7463.0,
      7463.0,
      7463.0,
      7764.0,
      7764.0,
      7914.0,
      7914.0,
      7914.0,
      7538.0,
      7538.0,
      7538.0
    ]
  },
  "nuc3:mbps": {
    "time": [
      0.003,
      1.009,
      2.016,
      3.021,
      4.027,
      5.033,
      6.038,
      7.044,
      8.05,
      9.055,
      10.061,
      11.066,
      12.072,
      13.077,
      14.082,
      15.087,
      16.092,
      17.097,
      18.102,
      19.107,
      20.113,
      21.118,
      22.124,
      23.128,
      24.134,
      25.14,
      26.145,
      27.15,
      28.155,
      29.161
    ],
    "val": [
      0.09112337915186965,
      0.0013671966609425366,
      0.0013674026794292383,
      0.0013673968478636093,
      0.0013684434379419865,
      0.001367854777118371,
      0.0013685018451444473,
      0.0013687959037837919,
      0.0013683811424210171,
      0.001368095693838883,
      0.0013682403494851107,
      0.0013681667204795845,
      0.0013689027179468935,
      0.0013689566183509793,
      0.001368813759094415,
      0.0013690072756117094,
      0.0013692112414889328,
      0.001368891029262686,
      0.0013690157188529929,
      0.0013691550473717835,
      0.0013684440868835127,
      0.0013686232182751783,
      0.001368716047549877,
      0.001369218063054097,
      0.0013694016211596403,
      0.001368623867387226,
      0.0013676022785463426,
      0.0013694640096319172,
      0.0013689497993906409,
      0.0013684460337117842
    ]
  },
  "nuc3:cpu_perc": {
    "time": [
      0.0,
      1.007,
      2.013,
      3.019,
      4.025,
      5.031,
      6.036,
      7.042,
      8.047,
      9.053,
      10.059,
      11.064,
      12.07,
      13.075,
      14.08,
      15.085,
      16.09,
      17.095,
      18.1,
      19.106,
      20.111,
      21.116,
      22.122,
      23.127,
      24.131,
      25.137,
      26.143,
      27.148,
      28.153,
      29.158
    ],
    "val": [
      0.3,
      2.4,
      1.0,
      1.0,
      0.7,
      1.5,
      0.5,
      1.0,
      0.7,
      1.0,
      0.7,
      1.0,
      0.7,
      1.5,
      1.5,
      0.5,
      1.0,
      0.7,
      0.7,
      1.0,
      0.7,
      1.0,
      0.7,
      1.0,
      1.5,
      0.7,
      1.2,
      0.5,
      0.7,
      1.2
    ]
  }
}