{
  "nuc3:power": {
    "time": [
      0.022,
      1.052,
      2.083,
      3.115,
      4.144,
      5.178,
      6.209,
      7.236,
      8.312,
      9.361,
      10.393,
      11.423,
      12.456,
      13.489,
      14.527,
      15.56,
      16.597,
      17.625,
      18.662,
      19.689,
      20.726,
      21.759,
      22.788,
      23.822,
      24.85,
      25.882,
      26.918,
      27.959,
      28.997
    ],
    "val": [
      19721.0,
      19646.0,
      19589.0,
      19721.0,
      19176.0,
      19664.0,
      19307.0,
      19646.0,
      19777.0,
      19721.0,
      19702.0,
      20003.0,
      19852.0,
      19664.0,
      20040.0,
      20398.0,
      19834.0,
      20059.0,
      19890.0,
      19495.0,
      19777.0,
      19176.0,
      19533.0,
      19401.0,
      19570.0,
      19213.0,
      19646.0,
      19194.0,
      19646.0
    ]
  },
  "nuc3:mbps": {
    "time": [
      0.001,
      1.003,
      2.006,
      3.009,
      4.012,
      5.015,
      6.018,
      7.021,
      8.023,
      9.026,
      10.028,
      11.031,
      12.034,
      13.037,
      14.039,
      15.042,
      16.045,
      17.048,
      18.051,
      19.054,
      20.058,
      21.061,
      22.064,
      23.067,
      24.07,
      25.073,
      26.075,
      27.078,
      28.081,
      29.084
    ],
    "val": [
      848.0142159652677,
      653.638270858279,
      653.6276871338146,
      653.8832848037936,
      653.8815993376647,
      653.7744085872519,
      653.9538294727256,
      653.1233661718377,
      654.281602713956,
      653.6926918585154,
      653.5146352592259,
      653.550514471296,
      653.4675270459062,
      653.8916652428038,
      654.4914095934645,
      653.7129003389769,
      653.5013955097678,
      654.0923674233358,
      653.832577281306,
      653.8499263646189,
      653.3163921303702,
      654.1468421462398,
      653.8425136346177,
      653.7240788990956,
      653.2088033386267,
      653.8215894549718,
      653.7014658590016,
      653.5995022904558,
      651.95717908016,
      655.0199880331489
    ]
  },
  "nuc3:cpu_perc": {
    "time": [
      0.0,
      1.002,
      2.005,
      3.008,
      4.011,
      5.014,
      6.017,
      7.02,
      8.022,
      9.025,
      10.028,
      11.03,
      12.033,
      13.036,
      14.038,
      15.041,
      16.044,
      17.047,
      18.05,
      19.053,
      20.057,
      21.06,
      22.063,
      23.066,
      24.069,
      25.072,
      26.074,
      27.077,
      28.08,
      29.083
    ],
    "val": [
      17.4,
      18.2,
      19.4,
      18.1,
      19.8,
      19.1,
      16.8,
      17.8,
      17.6,
      17.3,
      19.6,
      19.3,
      19.6,
      18.2,
      19.1,
      19.2,
      18.8,
      18.7,
      17.1,
      18.9,
      17.3,
      18.4,
      19.4,
      17.7,
      20.2,
      19.9,
      20.0,
      21.8,
      20.3,
      18.8
    ]
  }
}