{
  "nuc3:power": {
    "time": [
      0.0,
      2.021,
      3.065,
      4.092,
      5.118,
      6.145,
      7.173,
      8.204,
      9.232,
      10.265,
      11.302,
      12.332,
      13.363,
      14.391,
      15.42,
      16.452,
      17.482,
      18.521,
      19.55,
      20.576,
      21.606,
      22.633,
      23.661,
      24.697,
      25.73,
      26.759,
      27.789,
      28.82,
      29.848,
      30.874,
      31.899
    ],
    "val": [
      18969.0,
      20905.0,
      20999.0,
      20529.0,
      20510.0,
      20510.0,
      19928.0,
      20586.0,
      20680.0,
      20811.0,
      21112.0,
      20360.0,
      20304.0,
      20736.0,
      20943.0,
      20586.0,
      20642.0,
      20924.0,
      20736.0,
      20943.0,
      21225.0,
      21281.0,
      21093.0,
      20962.0,
      20416.0,
      20717.0,
      20322.0,
      20830.0,
      20717.0,
      21319.0,
      21450.0
    ]
  },
  "nuc3:mbps": {
    "time": [
      1.983,
      2.986,
      3.988,
      4.991,
      5.993,
      6.995,
      7.998,
      9.001,
      10.003,
      11.006,
      12.009,
      13.011,
      14.014,
      15.016,
      16.019,
      17.022,
      18.025,
      19.028,
      20.031,
      21.034,
      22.037,
      23.039,
      24.042,
      25.044,
      26.048,
      27.05,
      28.053,
      29.056,
      30.059,
      31.062
    ],
    "val": [
      934.6723544233885,
      762.3091488043975,
      761.3382890752499,
      763.4209421152494,
      762.8028938236046,
      761.8614532481847,
      763.1297257915166,
      762.018416398876,
      762.6393231036502,
      762.1121963268118,
      762.7300117508745,
      762.6523954730364,
      762.2157344587526,
      762.143222934357,
      761.6796406265023,
      761.9106160193189,
      763.5456300507641,
      762.6049400506831,
      762.3671595226799,
      762.0272466539429,
      761.7398190894464,
      763.424409695282,
      762.6433167778075,
      762.5193902739886,
      762.095254483267,
      761.9515196832891,
      763.074386080268,
      762.5330671619147,
      762.8976156103873,
      762.4913615350977
    ]
  },
  "nuc3:cpu_perc": {
    "time": [
      1.981,
      2.985,
      3.987,
      4.99,
      5.993,
      6.994,
      7.997,
      9.0,
      10.002,
      11.005,
      12.008,
      13.01,
      14.013,
      15.016,
      16.018,
      17.021,
      18.024,
      19.027,
      20.03,
      21.033,
      22.036,
      23.039,
      24.041,
      25.044,
      26.047,
      27.049,
      28.052,
      29.055,
      30.058,
      31.061
    ],
    "val": [
      19.3,
      27.5,
      26.7,
      24.9,
      23.7,
      27.2,
      23.7,
      24.0,
      24.8,
      24.2,
      30.0,
      27.2,
      24.7,
      24.9,
      23.5,
      23.8,
      23.3,
      22.1,
      22.3,
      23.3,
      22.2,
      24.0,
      22.1,
      22.3,
      22.8,
      21.0,
      21.4,
      21.6,
      19.8,
      19.4
    ]
  }
}