{
  "nuc3:power": {
    "time": [
      0.027,
      1.059,
      2.088,
      3.137,
      4.168,
      5.197,
      6.228,
      7.26,
      8.289,
      9.321,
      10.357,
      11.39,
      12.428,
      13.464,
      14.508,
      15.54,
      16.574,
      17.609,
      18.64,
      19.67,
      20.736,
      21.773,
      22.806,
      23.832,
      24.873,
      25.926,
      26.972,
      28.004,
      29.121
    ],
    "val": [
      13780.0,
      13498.0,
      13141.0,
      13141.0,
      13987.0,
      13912.0,
      13912.0,
      13291.0,
      13272.0,
      14570.0,
      14570.0,
      13103.0,
      13573.0,
      13047.0,
      13047.0,
      13855.0,
      13949.0,
      13949.0,
      12295.0,
      13404.0,
      14607.0,
      14607.0,
      14043.0,
      14908.0,
      14927.0,
      13667.0,
      13667.0,
      13366.0,
      13442.0
    ]
  },
  "nuc3:mbps": {
    "time": [
      0.002,
      1.006,
      2.009,
      3.012,
      4.015,
      5.017,
      6.02,
      7.023,
      8.026,
      9.029,
      10.032,
      11.035,
      12.038,
      13.04,
      14.043,
      15.046,
      16.049,
      17.053,
      18.056,
      19.059,
      20.062,
      21.066,
      22.069,
      23.072,
      24.075,
      25.078,
      26.081,
      27.084,
      28.087,
      29.09
    ],
    "val": [
      262.9830223057374,
      327.70588657080856,
      327.1882195466297,
      327.2772671823469,
      326.99364514530106,
      326.8845291448607,
      327.3534222787882,
      327.05716177776844,
      327.23297488862374,
      327.5337440716977,
      327.4758186120198,
      327.1316443125927,
      327.2680536332172,
      327.3923548750431,
      327.1694976337768,
      326.9676142063156,
      326.83682681755016,
      326.8024460410447,
      327.08000719456174,
      327.2490137570597,
      326.90504469240625,
      327.0743545229079,
      327.16631791383963,
      327.03877102977356,
      327.56026863096184,
      327.02230444659585,
      326.9140276451349,
      327.2027817179428,
      327.0757427805425,
      327.3638771770329
    ]
  },
  "nuc3:cpu_perc": {
    "time": [
      0.0,
      1.005,
      2.008,
      3.011,
      4.014,
      5.016,
      6.019,
      7.022,
      8.025,
      9.028,
      10.031,
      11.034,
      12.037,
      13.039,
      14.042,
      15.045,
      16.048,
      17.052,
      18.055,
      19.058,
      20.061,
      21.064,
      22.068,
      23.071,
      24.074,
      25.077,
      26.08,
      27.083,
      28.086,
      29.089
    ],
    "val": [
      14.8,
      13.8,
      14.2,
      13.1,
      10.7,
      11.4,
      12.8,
      15.2,
      14.8,
      18.4,
      19.1,
      15.2,
      17.0,
      16.7,
      17.7,
      16.8,
      15.1,
      17.8,
      18.0,
      15.9,
      16.0,
      16.0,
      16.7,
      16.0,
      18.7,
      12.9,
      14.5,
      12.3,
      9.9,
      12.1
    ]
  }
}