{
  "nuc2:power": {
    "time": [
      0.025,
      1.054,
      2.078,
      3.104,
      4.125,
      5.152,
      6.178,
      7.201,
      8.249,
      9.272,
      10.299,
      11.324,
      12.348,
      13.37,
      14.4,
      15.423,
      16.448,
      17.477,
      18.524,
      19.784,
      20.825,
      21.857,
      22.942,
      23.995,
      25.016,
      26.041,
      27.063,
      28.087,
      29.146
    ],
    "val": [
      10058.0,
      10058.0,
      9794.0,
      9794.0,
      10095.0,
      10095.0,
      10095.0,
      10095.0,
      9982.0,
      9982.0,
      10283.0,
      10283.0,
      10095.0,
      10095.0,
      10264.0,
      10264.0,
      10076.0,
      10076.0,
      10246.0,
      10246.0,
      10170.0,
      10170.0,
      9982.0,
      9982.0,
      10246.0,
      10246.0,
      10095.0,
      10095.0,
      10114.0
    ]
  },
  "nuc2:pcks": {
    "time": [
      0.003,
      1.008,
      2.014,
      3.018,
      4.024,
      5.029,
      6.034,
      7.038,
      8.044,
      9.047,
      10.052,
      11.057,
      12.061,
      13.067,
      14.071,
      15.078,
      16.082,
      17.086,
      18.091,
      19.096,
      20.101,
      21.105,
      22.11,
      23.115,
      24.119,
      25.125,
      26.13,
      27.134,
      28.14,
      29.144
    ],
    "val": [
      28099.475778958218,
      18663.281140303367,
      18663.48760033042,
      18719.98779453373,
      18697.16870247005,
      18679.649281171467,
      18689.748551366756,
      18721.342220195842,
      18669.192007319914,
      18697.062568672645,
      18718.4203224661,
      18642.164966985532,
      18729.908503997667,
      18671.584106833965,
      18682.80875215207,
      18695.02278843484,
      18725.814182366383,
      18646.63556929114,
      18726.620450512786,
      18684.023453602254,
      18667.41296009805,
      18732.149115646775,
      18659.4081749095,
      18698.921994360706,
      18728.090997981748,
      18665.739064425565,
      18678.809538989328,
      18728.508393890883,
      18687.98822722331,
      18665.040733616912
    ]
  },
  "nuc2:mbps": {
    "time": [
      0.002,
      1.007,
      2.013,
      3.017,
      4.023,
      5.028,
      6.033,
      7.038,
      8.043,
      9.047,
      10.051,
      11.056,
      12.061,
      13.066,
      14.07,
      15.076,
      16.081,
      17.086,
      18.09,
      19.095,
      20.1,
      21.104,
      22.109,
      23.114,
      24.118,
      25.124,
      26.129,
      27.133,
      28.139,
      29.143
    ],
    "val": [
      311.9686935523666,
      207.4609854336063,
      207.45423217707247,
      208.08679983723007,
      207.83951802261564,
      207.63404575974997,
      207.74865693964907,
      208.1018553011941,
      207.52552014828146,
      207.82861301216425,
      208.07642131586374,
      207.21469771128926,
      208.19707601406972,
      207.55236156416848,
      207.66992158032267,
      207.81591418376104,
      208.14494777137546,
      207.27202171156554,
      208.15993968531092,
      207.70237342775013,
      207.49769642236652,
      208.22198210444,
      207.41626180464647,
      207.8497859046599,
      208.18492364309378,
      207.4790902289516,
      207.6257200802708,
      208.18151273300683,
      207.73763382464384,
      207.469476248051
    ]
  },
  "nuc2:cpu_perc": {
    "time": [
      0.0,
      1.006,
      2.011,
      3.016,
      4.021,
      5.026,
      6.031,
      7.036,
      8.041,
      9.045,
      10.05,
      11.055,
      12.059,
      13.064,
      14.069,
      15.074,
      16.08,
      17.084,
      18.089,
      19.094,
      20.098,
      21.103,
      22.108,
      23.113,
      24.117,
      25.122,
      26.127,
      27.132,
      28.138,
      29.142
    ],
    "val": [
      12.7,
      16.1,
      16.1,
      15.6,
      15.6,
      14.9,
      12.3,
      11.3,
      11.1,
      11.9,
      12.4,
      12.1,
      12.9,
      11.9,
      15.1,
      10.1,
      10.7,
      13.6,
      8.6,
      9.9,
      9.0,
      8.3,
      10.7,
      10.1,
      10.9,
      12.2,
      14.9,
      12.8,
      14.8,
      10.4
    ]
  }
}