{
  "nuc2:power": {
    "time": [
      0.148,
      1.304,
      2.378,
      3.441,
      4.464,
      5.492,
      6.514,
      7.537,
      8.556,
      9.583,
      10.604,
      11.627,
      12.661,
      13.679,
      14.711,
      15.755,
      16.845,
      17.871,
      18.9,
      19.919,
      21.172,
      22.199,
      23.223,
      24.245,
      25.265,
      26.286,
      27.307,
      28.396,
      29.421
    ],
    "val": [
      12276.0,
      12314.0,
      12314.0,
      11844.0,
      13893.0,
      13893.0,
      12690.0,
      12690.0,
      14494.0,
      14476.0,
      14513.0,
      14513.0,
      14194.0,
      13705.0,
      13705.0,
      11562.0,
      13573.0,
      13573.0,
      13423.0,
      13423.0,
      12050.0,
      12915.0,
      12915.0,
      12577.0,
      12126.0,
      12126.0,
      12464.0,
      12520.0,
      12520.0
    ]
  },
  "nuc2:pcks": {
    "time": [
      0.002,
      1.005,
      2.008,
      3.012,
      4.015,
      5.019,
      6.022,
      7.026,
      8.029,
      9.032,
      10.036,
      11.04,
      12.044,
      13.048,
      14.051,
      15.055,
      16.058,
      17.061,
      18.065,
      19.068,
      20.071,
      21.074,
      22.077,
      23.08,
      24.084,
      25.087,
      26.09,
      27.093,
      28.096,
      29.1
    ],
    "val": [
      38527.19166735012,
      37377.79056006292,
      37399.277841352225,
      37363.496424947676,
      37367.40011180025,
      37391.620517094016,
      37375.60943987886,
      37393.896098755344,
      37359.821139398104,
      37367.723534041856,
      37383.10817066621,
      37379.56535173061,
      37365.65288693262,
      37385.13707947459,
      37385.34597569144,
      37361.63336340505,
      37378.24877862606,
      37396.408303536096,
      37401.14243954336,
      37350.035512799026,
      37382.695980466764,
      37404.49268636453,
      37407.31014864092,
      37348.12053073227,
      37380.45808372352,
      37378.91967802087,
      37359.39654221428,
      37410.37293813771,
      37403.199168522275,
      37340.6829499234
    ]
  },
  "nuc2:mbps": {
    "time": [
      0.001,
      1.005,
      2.008,
      3.011,
      4.014,
      5.018,
      6.022,
      7.025,
      8.028,
      9.032,
      10.035,
      11.039,
      12.043,
      13.047,
      14.051,
      15.054,
      16.057,
      17.061,
      18.064,
      19.067,
      20.07,
      21.074,
      22.077,
      23.08,
      24.083,
      25.086,
      26.089,
      27.092,
      28.096,
      29.099
    ],
    "val": [
      425.82453784564916,
      415.52499156257227,
      415.72121347765307,
      415.32641612773006,
      415.5132557435743,
      415.7000617649421,
      415.5860174485196,
      415.77868369458264,
      415.3068162229719,
      415.3782715234865,
      415.7192526135124,
      415.5120812097744,
      415.4958276317109,
      415.5746858346066,
      415.56693754004147,
      415.3099034378329,
      415.5061025146306,
      415.891969091631,
      415.752602060194,
      415.1974518093366,
      415.577287984832,
      415.78984353846425,
      415.8919151892177,
      415.1680165833463,
      415.57514147744246,
      415.5427092176154,
      415.35813503340245,
      415.8978735252386,
      415.81812143259964,
      415.200817781959
    ]
  },
  "nuc2:cpu_perc": {
    "time": [
      0.0,
      1.004,
      2.007,
      3.01,
      4.014,
      5.017,
      6.021,
      7.024,
      8.027,
      9.031,
      10.034,
      11.038,
      12.042,
      13.046,
      14.05,
      15.053,
      16.057,
      17.06,
      18.063,
      19.066,
      20.07,
      21.073,
      22.076,
      23.079,
      24.083,
      25.086,
      26.089,
      27.092,
      28.095,
      29.098
    ],
    "val": [
      11.7,
      11.6,
      11.9,
      12.3,
      11.1,
      12.2,
      14.0,
      13.1,
      11.7,
      10.8,
      13.7,
      11.9,
      12.4,
      12.6,
      12.7,
      12.1,
      10.2,
      11.4,
      12.4,
      15.4,
      16.0,
      16.3,
      15.3,
      13.4,
      16.5,
      15.9,
      13.7,
      13.9,
      13.9,
      12.5
    ]
  }
}