{
  "nuc2:power": {
    "time": [
      0.033,
      1.092,
      2.119,
      3.173,
      4.204,
      5.223,
      6.249,
      7.274,
      8.299,
      9.32,
      10.342,
      11.389,
      12.448,
      13.471,
      14.502,
      15.523,
      16.549,
      17.572,
      18.598,
      19.657,
      20.685,
      21.707,
      22.732,
      23.78,
      24.804,
      25.906,
      27.007,
      28.047,
      29.084
    ],
    "val": [
      16901.0,
      16656.0,
      16882.0,
      16882.0,
      16826.0,
      17202.0,
      17502.0,
      17258.0,
      16957.0,
      16976.0,
      16976.0,
      17202.0,
      17108.0,
      16957.0,
      16769.0,
      16581.0,
      16581.0,
      16412.0,
      16581.0,
      16826.0,
      16280.0,
      16356.0,
      16356.0,
      16262.0,
      16957.0,
      17070.0,
      16826.0,
      16920.0,
      16544.0
    ]
  },
  "nuc2:pcks": {
    "time": [
      0.002,
      1.004,
      2.008,
      3.011,
      4.014,
      5.017,
      6.02,
      7.023,
      8.026,
      9.03,
      10.033,
      11.036,
      12.039,
      13.042,
      14.045,
      15.049,
      16.051,
      17.054,
      18.057,
      19.06,
      20.063,
      21.066,
      22.069,
      23.071,
      24.074,
      25.077,
      26.08,
      27.084,
      28.087,
      29.09
    ],
    "val": [
      76057.53200842568,
      65389.32959634008,
      65420.79533918407,
      65346.08644126559,
      65449.145525658794,
      65379.181245801316,
      65391.512280162126,
      65392.095945051486,
      65401.839887194415,
      65353.20275051498,
      65355.8631761641,
      65369.21224565359,
      65383.61232404635,
      65439.5941669966,
      65372.114909015545,
      65410.57621477332,
      65371.23184551982,
      65427.849617395914,
      65256.978445074994,
      65270.92815102657,
      65333.67036593444,
      65211.78236262845,
      65360.64328617342,
      65261.30084447413,
      65255.58388063547,
      65206.392262979934,
      65317.03755067623,
      65317.116291935905,
      65212.34586007709,
      65434.316689324354
    ]
  },
  "nuc2:mbps": {
    "time": [
      0.001,
      1.004,
      2.007,
      3.011,
      4.014,
      5.017,
      6.02,
      7.023,
      8.026,
      9.029,
      10.032,
      11.035,
      12.039,
      13.042,
      14.045,
      15.048,
      16.051,
      17.054,
      18.056,
      19.06,
      20.063,
      21.065,
      22.068,
      23.071,
      24.074,
      25.077,
      26.08,
      27.083,
      28.086,
      29.089
    ],
    "val": [
      845.5016212796044,
      726.9750712740397,
      727.3705258635391,
      726.5862248370335,
      727.9353555171366,
      726.9573738170765,
      727.136260706074,
      727.027901214791,
      727.4454327488602,
      727.3436016504382,
      727.0536995269039,
      727.1912269077488,
      727.0590059777105,
      727.7000569342349,
      726.9654462470105,
      727.4457471059626,
      726.8052124470317,
      727.5099015121331,
      726.8455842983035,
      727.0863082966159,
      727.6524472265731,
      726.7564524234564,
      727.3084774661713,
      727.4721378914566,
      726.9277492007361,
      726.6855171902763,
      727.4127643418371,
      727.3286337801255,
      725.9065425794141,
      728.4754511667962
    ]
  },
  "nuc2:cpu_perc": {
    "time": [
      0.0,
      1.003,
      2.006,
      3.01,
      4.013,
      5.016,
      6.019,
      7.022,
      8.025,
      9.028,
      10.032,
      11.035,
      12.038,
      13.041,
      14.044,
      15.047,
      16.051,
      17.053,
      18.056,
      19.059,
      20.062,
      21.065,
      22.068,
      23.07,
      24.073,
      25.076,
      26.079,
      27.082,
      28.086,
      29.088
    ],
    "val": [
      16.5,
      18.6,
      15.6,
      17.8,
      17.5,
      16.3,
      16.4,
      16.9,
      16.6,
      17.7,
      18.3,
      16.9,
      17.7,
      16.9,
      15.2,
      14.5,
      13.7,
      13.2,
      14.7,
      17.3,
      14.6,
      14.7,
      15.6,
      17.8,
      17.0,
      17.8,
      16.4,
      17.0,
      15.0,
      16.2
    ]
  }
}