{
  "nuc2:pcks": {
    "time": [
      1.948,
      2.952,
      3.955,
      4.958,
      5.961,
      6.964,
      7.967,
      8.971,
      9.974,
      10.978,
      11.981,
      12.985,
      13.988,
      14.991,
      15.995,
      16.999,
      18.002,
      19.005,
      20.009,
      21.012,
      22.015,
      23.018,
      24.021,
      25.024,
      26.028,
      27.031,
      28.034,
      29.037,
      30.04,
      31.044
    ],
    "val": [
      80565.79278230501,
      55987.46907691942,
      56053.279501856654,
      56038.466240302776,
      55973.45829789075,
      55987.1439909615,
      56027.71645209166,
      56027.239905708135,
      55994.63930677544,
      55998.65843151591,
      56053.82471571049,
      56059.10941675318,
      56032.38047558498,
      56002.171021962364,
      56018.046129944174,
      56044.17265769424,
      56003.508747416694,
      56037.270006332416,
      55981.13252599761,
      56021.54914253069,
      56057.0930287219,
      56033.384171257116,
      56031.97340974735,
      56034.71902182848,
      56030.420987187215,
      56073.1750682907,
      56088.59663018149,
      56069.90128054362,
      56063.58671283593,
      56015.776938261326
    ]
  },
  "nuc2:mbps": {
    "time": [
      1.947,
      2.951,
      3.954,
      4.957,
      5.96,
      6.963,
      7.967,
      8.97,
      9.974,
      10.977,
      11.981,
      12.984,
      13.987,
      14.991,
      15.994,
      16.998,
      18.001,
      19.005,
      20.008,
      21.011,
      22.014,
      23.017,
      24.021,
      25.024,
      26.027,
      27.03,
      28.033,
      29.036,
      30.039,
      31.043
    ],
    "val": [
      893.6985520811575,
      622.940910682049,
      623.4272004815703,
      623.4227662122702,
      622.9813082705539,
      623.366712398656,
      623.1636055179108,
      623.4494281929291,
      623.3438675831964,
      623.244581830635,
      623.4385012869067,
      623.3842841616273,
      623.3222877202448,
      622.9289932758954,
      623.1878170994485,
      623.6182374942274,
      623.3677103280849,
      623.1631612349336,
      623.3401238214635,
      623.6099564716125,
      623.481141244829,
      623.1703937873866,
      623.21002504026,
      622.8986899623644,
      623.440311778036,
      623.3383478493552,
      623.5625921091574,
      623.4755107935538,
      623.5532106178961,
      623.1484069575829
    ]
  },
  "nuc2:power": {
    "time": [
      0.0,
      1.966,
      2.99,
      4.015,
      5.037,
      6.056,
      7.081,
      8.101,
      9.159,
      10.182,
      11.204,
      12.227,
      13.256,
      14.339,
      15.366,
      16.391,
      17.419,
      18.466,
      19.49,
      20.513,
      21.535,
      22.568,
      23.662,
      24.709,
      25.734,
      26.76,
      27.785,
      28.807,
      29.834,
      30.855,
      31.883
    ],
    "val": [
      12840.0,
      15134.0,
      16487.0,
      16487.0,
      16055.0,
      16055.0,
      16299.0,
      16318.0,
      15773.0,
      16262.0,
      16262.0,
      16412.0,
      15848.0,
      15942.0,
      16450.0,
      16450.0,
      16431.0,
      16168.0,
      15453.0,
      16224.0,
      16224.0,
      16318.0,
      15904.0,
      15152.0,
      15416.0,
      15416.0,
      16243.0,
      15416.0,
      13968.0,
      13968.0,
      15228.0
    ]
  },
  "nuc2:cpu_perc": {
    "time": [
      1.946,
      2.95,
      3.953,
      4.956,
      5.959,
      6.963,
      7.966,
      8.97,
      9.973,
      10.976,
      11.98,
      12.983,
      13.986,
      14.99,
      15.993,
      16.997,
      18.001,
      19.004,
      20.007,
      21.011,
      22.014,
      23.016,
      24.02,
      25.023,
      26.026,
      27.029,
      28.033,
      29.036,
      30.039,
      31.042
    ],
    "val": [
      15.1,
      17.8,
      17.1,
      18.0,
      19.1,
      18.2,
      18.0,
      17.7,
      17.3,
      18.6,
      17.8,
      17.5,
      16.5,
      17.6,
      16.5,
      16.8,
      15.4,
      12.9,
      17.7,
      15.5,
      16.3,
      11.5,
      15.4,
      14.7,
      12.4,
      16.2,
      12.4,
      14.1,
      13.0,
      13.0
    ]
  }
}