{
  "nuc2:power": {
    "time": [
      0.1,
      1.121,
      2.208,
      3.299,
      4.33,
      5.35,
      6.376,
      7.404,
      8.426,
      9.445,
      10.542,
      11.56,
      12.59,
      13.612,
      14.636,
      15.684,
      16.838,
      17.993,
      19.015,
      20.04,
      21.064,
      22.083,
      23.11,
      24.134,
      25.33,
      26.353,
      27.382,
      28.402,
      29.452
    ],
    "val": [
      16901.0,
      17296.0,
      17314.0,
      17032.0,
      17615.0,
      17615.0,
      17578.0,
      17578.0,
      17540.0,
      17559.0,
      17502.0,
      17314.0,
      17239.0,
      17239.0,
      17296.0,
      17408.0,
      17277.0,
      17258.0,
      17051.0,
      17051.0,
      17220.0,
      17540.0,
      17540.0,
      17540.0,
      17108.0,
      17089.0,
      17296.0,
      17484.0,
      17258.0
    ]
  },
  "nuc2:pcks": {
    "time": [
      0.006,
      1.009,
      2.011,
      3.014,
      4.017,
      5.02,
      6.023,
      7.027,
      8.03,
      9.033,
      10.037,
      11.04,
      12.043,
      13.047,
      14.05,
      15.053,
      16.056,
      17.059,
      18.062,
      19.064,
      20.067,
      21.07,
      22.073,
      23.075,
      24.078,
      25.081,
      26.084,
      27.087,
      28.09,
      29.093
    ],
    "val": [
      78012.76246890178,
      74335.2228776082,
      74354.63122113068,
      74502.00187908584,
      74408.66224387015,
      74370.71675066755,
      74329.14783026052,
      74406.10406821982,
      74470.17080641938,
      74380.92864697693,
      74267.48492604881,
      74514.10942647961,
      74394.89793495745,
      74383.01161152094,
      74438.57475202114,
      74435.47603231262,
      74414.00166335683,
      74353.80884084413,
      74384.28378775055,
      74436.2068430166,
      73981.46975370939,
      74782.5408562282,
      74412.13546166658,
      74516.7468530291,
      74466.8808503909,
      74356.0850061109,
      74395.83436047305,
      74440.27657333037,
      74501.8544946607,
      74529.33723508852
    ]
  },
  "nuc2:mbps": {
    "time": [
      0.002,
      1.008,
      2.011,
      3.014,
      4.017,
      5.019,
      6.023,
      7.026,
      8.029,
      9.033,
      10.036,
      11.039,
      12.043,
      13.046,
      14.049,
      15.052,
      16.055,
      17.059,
      18.061,
      19.064,
      20.067,
      21.07,
      22.072,
      23.075,
      24.077,
      25.08,
      26.084,
      27.087,
      28.09,
      29.093
    ],
    "val": [
      873.7429396517,
      829.9483940410131,
      830.3912124593362,
      832.3763444975675,
      831.2750679184113,
      830.8776091340939,
      830.3368978826137,
      830.6212274643224,
      831.853713948204,
      831.1620768079358,
      829.5015541033938,
      832.3394334300158,
      830.8430493055118,
      830.6640865546182,
      831.194669391115,
      830.853620233484,
      831.2124020577022,
      831.0484075967618,
      830.8094006202483,
      830.9791240583224,
      826.6357239267472,
      835.4089587118859,
      830.9351935295753,
      830.8687307524116,
      831.1392091441638,
      830.7809296406438,
      830.882978286,
      830.9645900147162,
      831.2488121937338,
      831.1550125885933
    ]
  },
  "nuc2:cpu_perc": {
    "time": [
      0.0,
      1.008,
      2.01,
      3.013,
      4.016,
      5.019,
      6.022,
      7.025,
      8.029,
      9.032,
      10.035,
      11.039,
      12.042,
      13.045,
      14.049,
      15.052,
      16.055,
      17.058,
      18.061,
      19.064,
      20.066,
      21.069,
      22.071,
      23.074,
      24.077,
      25.079,
      26.083,
      27.086,
      28.089,
      29.092
    ],
    "val": [
      16.3,
      17.3,
      17.9,
      15.7,
      16.9,
      15.9,
      16.3,
      16.2,
      15.9,
      16.2,
      15.5,
      17.4,
      17.5,
      19.0,
      18.2,
      18.0,
      19.2,
      18.6,
      19.1,
      16.8,
      16.5,
      19.3,
      19.7,
      17.4,
      19.5,
      17.9,
      19.8,
      17.7,
      19.5,
      19.2
    ]
  }
}