{
  "nuc2:power": {
    "time": [
      0.106,
      1.152,
      2.178,
      3.207,
      4.233,
      5.259,
      6.303,
      7.335,
      8.362,
      9.416,
      10.445,
      11.485,
      13.563,
      14.654,
      15.689,
      16.711,
      17.741,
      18.786,
      19.813,
      20.836,
      21.859,
      22.889,
      23.914,
      24.994,
      26.026,
      27.053,
      28.074,
      29.12
    ],
    "val": [
      8347.0,
      9249.0,
      9249.0,
      9005.0,
      9005.0,
      8892.0,
      8892.0,
      8892.0,
      8930.0,
      8930.0,
      9042.0,
      9042.0,
      9024.0,
      9174.0,
      9174.0,
      9230.0,
      9230.0,
      9437.0,
      9437.0,
      9418.0,
      9418.0,
      9418.0,
      9306.0,
      9306.0,
      9061.0,
      9061.0,
      9212.0,
      9212.0
    ]
  },
  "nuc2:pcks": {
    "time": [
      0.001,
      1.005,
      2.01,
      3.015,
      4.021,
      5.026,
      6.031,
      7.037,
      8.042,
      9.047,
      10.052,
      11.057,
      12.063,
      13.069,
      14.075,
      15.081,
      16.087,
      17.093,
      18.099,
      19.104,
      20.11,
      21.116,
      22.121,
      23.128,
      24.134,
      25.141,
      26.147,
      27.154,
      28.16,
      29.166
    ],
    "val": [
      10839.745436924568,
      9366.737704193778,
      9316.941700477111,
      9321.717384798776,
      9355.111222391672,
      9354.850280242401,
      9360.331381248601,
      9356.95985495531,
      9359.445537697136,
      9359.880667962248,
      9279.986613285051,
      9349.860794634225,
      9351.53797328202,
      9352.894616185386,
      9347.227368749192,
      9352.69953810098,
      9353.947735010754,
      9352.697321351328,
      9349.20281414236,
      9354.841409171535,
      9347.288949953036,
      9325.469578952585,
      9333.461876706628,
      9367.72731083228,
      9323.69790621763,
      9348.111611130407,
      9360.966052568427,
      9313.019354826478,
      9365.873141832446,
      9331.203713148649
    ]
  },
  "nuc2:mbps": {
    "time": [
      0.0,
      1.004,
      2.009,
      3.014,
      4.02,
      5.025,
      6.03,
      7.036,
      8.041,
      9.046,
      10.051,
      11.056,
      12.062,
      13.068,
      14.074,
      15.08,
      16.086,
      17.092,
      18.098,
      19.104,
      20.11,
      21.115,
      22.12,
      23.127,
      24.133,
      25.14,
      26.146,
      27.153,
      28.159,
      29.165
    ],
    "val": [
      119.54071267840415,
      104.1260838870391,
      103.56081708966018,
      103.61432179164973,
      103.98904152025433,
      103.98622473143243,
      104.04715130790689,
      104.00967424731058,
      104.03730448793009,
      104.04214128939456,
      103.1548135734034,
      103.93034398730435,
      103.94907083875184,
      103.96448604871277,
      103.90149031410938,
      103.96231760850075,
      103.97619225966892,
      103.9622929676545,
      103.92344888131728,
      103.98612612278119,
      103.90954838362944,
      103.65695474320583,
      103.74646548710308,
      104.13086968345284,
      103.63801759473941,
      103.91123561835002,
      104.05529436364372,
      103.51797648926939,
      104.11050945989247,
      103.72161665553456
    ]
  },
  "nuc2:cpu_perc": {
    "time": [
      0.0,
      1.003,
      2.008,
      3.012,
      4.018,
      5.024,
      6.029,
      7.034,
      8.039,
      9.045,
      10.049,
      11.054,
      12.06,
      13.066,
      14.072,
      15.078,
      16.084,
      17.09,
      18.096,
      19.102,
      20.108,
      21.113,
      22.118,
      23.124,
      24.131,
      25.137,
      26.144,
      27.15,
      28.157,
      29.163
    ],
    "val": [
      7.9,
      10.5,
      13.9,
      13.2,
      11.6,
      10.7,
      10.1,
      10.2,
      9.4,
      10.8,
      11.3,
      10.2,
      9.1,
      9.4,
      8.9,
      9.9,
      10.9,
      10.2,
      10.2,
      9.0,
      10.5,
      9.7,
      10.7,
      10.2,
      10.4,
      11.1,
      10.7,
      9.2,
      10.4,
      10.4
    ]
  }
}