{
  "nuc2:power": {
    "time": [
      0.082,
      1.104,
      2.13,
      3.154,
      4.189,
      5.251,
      6.297,
      7.323,
      8.374,
      9.399,
      10.42,
      11.446,
      12.475,
      13.504,
      14.524,
      15.547,
      16.568,
      17.592,
      18.617,
      19.638,
      20.659,
      21.684,
      22.708,
      23.731,
      24.76,
      25.845,
      27.005,
      28.165,
      29.248
    ],
    "val": [
      10246.0,
      10753.0,
      10753.0,
      10941.0,
      11336.0,
      11336.0,
      10603.0,
      10603.0,
      11110.0,
      11110.0,
      11129.0,
      11129.0,
      10885.0,
      10941.0,
      10941.0,
      10979.0,
      10979.0,
      10979.0,
      10979.0,
      11938.0,
      11938.0,
      11242.0,
      11298.0,
      11298.0,
      11035.0,
      11035.0,
      11186.0,
      11186.0,
      11148.0
    ]
  },
  "nuc2:pcks": {
    "time": [
      0.002,
      1.006,
      2.01,
      3.015,
      4.018,
      5.023,
      6.027,
      7.03,
      8.033,
      9.037,
      10.04,
      11.044,
      12.047,
      13.05,
      14.053,
      15.057,
      16.06,
      17.063,
      18.066,
      19.07,
      20.073,
      21.076,
      22.08,
      23.084,
      24.087,
      25.09,
      26.094,
      27.098,
      28.102,
      29.105
    ],
    "val": [
      29158.02504776056,
      28072.507882046906,
      28015.203026817122,
      28044.10405726881,
      28028.383911219906,
      28037.503826167445,
      28041.99300205019,
      28036.050689886542,
      27994.186708362937,
      28041.818758703655,
      28049.291127953635,
      28056.87128517204,
      28040.841293795213,
      28044.80034081011,
      28024.429417140436,
      28030.919649635467,
      28045.153701447438,
      28036.295703805667,
      27772.89937330714,
      28261.63513226568,
      28025.73208055477,
      28055.09144772593,
      28021.992654788606,
      28058.809110166574,
      28065.70427365252,
      28042.949695825886,
      27991.240058992746,
      28057.43422927695,
      28022.629779826766,
      28034.816232561436
    ]
  },
  "nuc2:mbps": {
    "time": [
      0.001,
      1.005,
      2.009,
      3.014,
      4.018,
      5.022,
      6.026,
      7.029,
      8.033,
      9.036,
      10.04,
      11.044,
      12.047,
      13.05,
      14.053,
      15.056,
      16.059,
      17.062,
      18.066,
      19.07,
      20.073,
      21.076,
      22.079,
      23.083,
      24.087,
      25.09,
      26.094,
      27.097,
      28.101,
      29.104
    ],
    "val": [
      324.7322572158777,
      312.06273093180323,
      311.466361614001,
      311.74565204640106,
      311.568984801549,
      311.66004000170784,
      311.7024736192411,
      311.6424611792488,
      311.31297777356167,
      311.7718883245051,
      311.8762204943691,
      311.87633163028016,
      311.6880730417568,
      311.739132474076,
      311.58734066113146,
      311.5848381103316,
      311.74306034438325,
      311.6445970119029,
      308.87003784416135,
      314.2733834719044,
      311.52717436285565,
      311.8535258982812,
      311.52825464051773,
      311.89904524866245,
      312.03900067268546,
      311.7108351609182,
      311.14872300090695,
      311.87461621806654,
      311.4926899477103,
      311.6814863871375
    ]
  },
  "nuc2:cpu_perc": {
    "time": [
      0.0,
      1.004,
      2.008,
      3.013,
      4.017,
      5.021,
      6.025,
      7.028,
      8.032,
      9.035,
      10.039,
      11.042,
      12.046,
      13.049,
      14.052,
      15.056,
      16.059,
      17.062,
      18.065,
      19.068,
      20.072,
      21.075,
      22.078,
      23.082,
      24.086,
      25.089,
      26.093,
      27.096,
      28.1,
      29.103
    ],
    "val": [
      12.8,
      12.1,
      15.9,
      14.2,
      12.7,
      11.9,
      11.9,
      12.7,
      13.9,
      12.6,
      13.1,
      11.4,
      11.3,
      10.6,
      10.9,
      9.9,
      10.2,
      10.5,
      11.5,
      12.3,
      11.0,
      10.0,
      14.5,
      14.5,
      11.3,
      12.2,
      12.0,
      12.6,
      14.5,
      12.8
    ]
  }
}