{
  "nuc2:power": {
    "time": [
      0.017,
      1.048,
      2.066,
      3.118,
      4.143,
      5.167,
      6.204,
      7.251,
      8.271,
      9.294,
      10.323,
      11.346,
      12.37,
      13.391,
      14.421,
      15.444,
      16.469,
      17.49,
      18.625,
      19.697,
      20.72,
      21.755,
      22.793,
      23.822,
      24.847,
      25.875,
      26.923,
      27.944,
      29.003
    ],
    "val": [
      13667.0,
      14325.0,
      14325.0,
      14964.0,
      12953.0,
      12953.0,
      14457.0,
      13761.0,
      13761.0,
      14588.0,
      14701.0,
      14194.0,
      14194.0,
      14325.0,
      14664.0,
      14664.0,
      15397.0,
      14983.0,
      15209.0,
      15209.0,
      14419.0,
      14250.0,
      15547.0,
      15547.0,
      15303.0,
      14438.0,
      14419.0,
      14419.0,
      13686.0
    ]
  },
  "nuc2:pcks": {
    "time": [
      0.001,
      1.005,
      2.009,
      3.012,
      4.016,
      5.019,
      6.023,
      7.026,
      8.03,
      9.033,
      10.035,
      11.038,
      12.042,
      13.045,
      14.048,
      15.052,
      16.055,
      17.058,
      18.062,
      19.064,
      20.068,
      21.071,
      22.075,
      23.078,
      24.082,
      25.085,
      26.089,
      27.092,
      28.096,
      29.099
    ],
    "val": [
      47256.51662544655,
      46719.63012176147,
      46727.94888241459,
      46714.705275615655,
      46725.167621749264,
      46705.011299093974,
      46746.60741914929,
      46734.435388006386,
      46734.28875517162,
      46706.63215290837,
      46715.73263242628,
      46712.91952864242,
      46756.28426354914,
      46718.59700915235,
      46724.18217918191,
      46717.26020591675,
      46704.798480663245,
      46775.61291785306,
      46671.981777072826,
      46762.57338150321,
      46677.23753237595,
      46758.70623532177,
      46707.344601327124,
      46751.44721502344,
      46721.600181330774,
      46735.773328509415,
      46724.736703747876,
      46728.9392676534,
      46726.244552923876,
      46727.67211852407
    ]
  },
  "nuc2:mbps": {
    "time": [
      0.001,
      1.005,
      2.009,
      3.012,
      4.015,
      5.018,
      6.022,
      7.026,
      8.029,
      9.032,
      10.035,
      11.038,
      12.041,
      13.044,
      14.048,
      15.051,
      16.054,
      17.058,
      18.061,
      19.064,
      20.067,
      21.07,
      22.074,
      23.078,
      24.081,
      25.085,
      26.088,
      27.092,
      28.095,
      29.098
    ],
    "val": [
      526.101036601264,
      519.3612265473662,
      519.5950054603863,
      519.2751838207295,
      519.4525382619296,
      519.1837233238758,
      519.621237482604,
      519.6364253716197,
      519.512517701402,
      519.2434614952812,
      519.4152260149892,
      519.2492055562333,
      519.735856937315,
      519.3826708818482,
      519.4189214342465,
      519.7010892629636,
      519.1711100287404,
      519.9449143441137,
      518.9649452634728,
      519.828690142271,
      518.8497169058048,
      519.7766371997717,
      519.2112468601051,
      519.7091094885736,
      519.3599703602272,
      519.5218787417978,
      519.3950034307481,
      519.4444061191589,
      519.4336752150489,
      519.4293169417414
    ]
  },
  "nuc2:cpu_perc": {
    "time": [
      0.0,
      1.004,
      2.007,
      3.011,
      4.014,
      5.018,
      6.021,
      7.025,
      8.028,
      9.032,
      10.035,
      11.037,
      12.04,
      13.044,
      14.046,
      15.05,
      16.053,
      17.057,
      18.06,
      19.063,
      20.066,
      21.069,
      22.073,
      23.077,
      24.08,
      25.084,
      26.088,
      27.091,
      28.094,
      29.098
    ],
    "val": [
      13.9,
      12.4,
      11.7,
      11.8,
      13.2,
      9.0,
      10.3,
      14.2,
      9.0,
      9.6,
      10.1,
      9.1,
      11.9,
      10.6,
      12.0,
      14.6,
      14.9,
      12.8,
      15.7,
      11.3,
      12.2,
      11.8,
      13.2,
      13.5,
      13.2,
      10.5,
      9.8,
      10.6,
      13.4,
      13.5
    ]
  }
}