{
  "nuc2:power": {
    "time": [
      0.024,
      1.09,
      2.14,
      3.194,
      4.227,
      5.297,
      6.334,
      7.932,
      8.956,
      9.976,
      11.055,
      12.411,
      13.483,
      14.522,
      15.545,
      16.565,
      17.593,
      18.615,
      19.73,
      20.764,
      21.909,
      24.059
    ],
    "val": [
      15115.0,
      15209.0,
      15848.0,
      15961.0,
      15961.0,
      15698.0,
      15923.0,
      14927.0,
      14682.0,
      14682.0,
      14062.0,
      16017.0,
      16431.0,
      15961.0,
      14382.0,
      14382.0,
      14927.0,
      14645.0,
      14250.0,
      14250.0,
      15340.0,
      15510.0
    ]
  },
  "nuc2:pcks": {
    "time": [
      0.002,
      1.005,
      2.009,
      3.012,
      4.015,
      5.019,
      6.023,
      7.026,
      8.029,
      9.032,
      10.036,
      11.039,
      12.042,
      13.045,
      14.048,
      15.052,
      16.055,
      17.058,
      18.061,
      19.064,
      20.068,
      21.072,
      22.076,
      23.08,
      24.084,
      25.087,
      26.09,
      27.095,
      28.099,
      29.103
    ],
    "val": [
      62834.51603053435,
      46713.20549725968,
      46719.89209112415,
      46688.817848201885,
      46773.22642190584,
      46715.6524529322,
      46699.14432942679,
      46687.84126640087,
      46716.789497439175,
      46525.39958692123,
      46719.18419565402,
      46870.106066437635,
      46712.57058646408,
      46681.53316780905,
      46745.997905300275,
      46731.74581422283,
      46754.715824549734,
      46655.45089297917,
      46702.87986712504,
      46684.99606620606,
      46755.209307861776,
      46666.82919373582,
      46702.69291234572,
      46710.96771386294,
      46704.505420398134,
      46695.76987948544,
      46746.65681934719,
      46705.276131876235,
      46727.64143097031,
      46729.3228281206
    ]
  },
  "nuc2:mbps": {
    "time": [
      0.001,
      1.005,
      2.008,
      3.012,
      4.015,
      5.019,
      6.022,
      7.025,
      8.029,
      9.032,
      10.035,
      11.039,
      12.042,
      13.045,
      14.048,
      15.051,
      16.054,
      17.058,
      18.061,
      19.064,
      20.067,
      21.072,
      22.075,
      23.079,
      24.083,
      25.086,
      26.089,
      27.094,
      28.099,
      29.102
    ],
    "val": [
      697.1381494229008,
      519.5432651554718,
      519.3133614845834,
      518.992129741624,
      519.9262805055388,
      519.519821190077,
      519.219795002417,
      519.1015377560475,
      519.831504585893,
      517.5033305028942,
      519.8510261765759,
      521.0163539927147,
      519.2470903409226,
      519.1135961690078,
      519.6214314382554,
      519.5913942653415,
      519.9274991072158,
      518.7547795670527,
      519.5081295253559,
      519.1403159312144,
      520.0482202810748,
      519.1816724535526,
      519.4626097689843,
      519.4380907472464,
      519.5064802344273,
      519.0598336968732,
      519.7030158308972,
      519.2202418658386,
      519.6020176381096,
      519.4921558665411
    ]
  },
  "nuc2:cpu_perc": {
    "time": [
      0.0,
      1.004,
      2.008,
      3.011,
      4.014,
      5.018,
      6.021,
      7.025,
      8.028,
      9.031,
      10.034,
      11.038,
      12.041,
      13.044,
      14.047,
      15.051,
      16.054,
      17.057,
      18.06,
      19.063,
      20.066,
      21.071,
      22.074,
      23.078,
      24.082,
      25.086,
      26.089,
      27.092,
      28.098,
      29.101
    ],
    "val": [
      15.3,
      12.1,
      13.3,
      11.4,
      16.0,
      13.5,
      14.5,
      14.6,
      13.7,
      11.2,
      11.3,
      13.4,
      13.6,
      12.3,
      14.3,
      9.9,
      12.0,
      9.2,
      11.5,
      10.1,
      14.6,
      16.7,
      16.0,
      14.3,
      16.3,
      13.6,
      10.6,
      14.5,
      13.8,
      15.7
    ]
  }
}