{
  "nuc2:power": {
    "time": [
      0.302,
      1.339,
      2.372,
      3.396,
      4.422,
      5.532,
      6.556,
      7.651,
      8.698,
      9.733,
      10.773,
      11.798,
      12.837,
      13.86,
      14.885,
      15.909,
      16.93,
      17.952,
      18.978,
      20.115,
      21.159,
      22.239,
      23.264,
      24.356,
      25.383,
      26.447,
      27.523,
      28.543,
      29.628
    ],
    "val": [
      8704.0,
      8704.0,
      8704.0,
      9230.0,
      9230.0,
      9230.0,
      9230.0,
      9212.0,
      9212.0,
      9024.0,
      9024.0,
      9136.0,
      9136.0,
      8948.0,
      8948.0,
      8948.0,
      9155.0,
      9155.0,
      8873.0,
      8873.0,
      8911.0,
      8911.0,
      8892.0,
      8892.0,
      9249.0,
      9249.0,
      9324.0,
      9324.0,
      9475.0
    ]
  },
  "nuc2:pcks": {
    "time": [
      0.003,
      1.007,
      2.013,
      3.02,
      4.027,
      5.033,
      6.039,
      7.044,
      8.05,
      9.056,
      10.062,
      11.068,
      12.074,
      13.08,
      14.086,
      15.092,
      16.099,
      17.105,
      18.112,
      19.118,
      20.125,
      21.131,
      22.137,
      23.143,
      24.15,
      25.156,
      26.163,
      27.168,
      28.173,
      29.178
    ],
    "val": [
      36474.523803478485,
      9277.975630514973,
      9341.866370645519,
      9332.386161846869,
      9369.726388746514,
      9346.755161598008,
      9346.226661404415,
      9310.367163701409,
      9322.959099148628,
      9349.460118220903,
      9351.115860424661,
      9352.158682336702,
      9351.276601008687,
      9349.991453740777,
      9349.676868062974,
      9350.478881810077,
      9347.09452122093,
      9348.303572917694,
      9350.352588750718,
      9347.081236675795,
      9346.667220613255,
      9350.113305993857,
      9348.24377729581,
      9350.235161423017,
      9349.566103497249,
      9349.749974114044,
      9348.673436911044,
      9348.485179125544,
      9360.509014172176,
      9364.387532695846
    ]
  },
  "nuc2:mbps": {
    "time": [
      0.002,
      1.006,
      2.012,
      3.019,
      4.026,
      5.032,
      6.037,
      7.043,
      8.049,
      9.055,
      10.061,
      11.067,
      12.073,
      13.079,
      14.085,
      15.091,
      16.098,
      17.104,
      18.11,
      19.117,
      20.123,
      21.13,
      22.136,
      23.142,
      24.148,
      25.155,
      26.161,
      27.167,
      28.172,
      29.177
    ],
    "val": [
      406.3166106243494,
      103.12432482857768,
      103.84860381642419,
      103.73526357388882,
      104.15392620017893,
      103.88846173749009,
      103.89749033789732,
      103.4879915920868,
      103.62871322598247,
      103.92605776823584,
      103.9446300908657,
      103.9563055882795,
      103.94650058825721,
      103.93221520595706,
      103.928718348604,
      103.93763333700528,
      103.9000136135193,
      103.91345313608623,
      103.93622949428635,
      103.89986594576894,
      103.89526384460945,
      103.93356968576093,
      103.9127884625972,
      103.93492420086933,
      103.9274871168174,
      103.92953097756416,
      103.91756445365738,
      103.91547182621773,
      104.04912583198342,
      104.09223849405126
    ]
  },
  "nuc2:cpu_perc": {
    "time": [
      0.0,
      1.005,
      2.01,
      3.017,
      4.024,
      5.031,
      6.036,
      7.042,
      8.047,
      9.053,
      10.059,
      11.065,
      12.071,
      13.077,
      14.083,
      15.089,
      16.096,
      17.102,
      18.109,
      19.115,
      20.122,
      21.128,
      22.134,
      23.14,
      24.147,
      25.153,
      26.159,
      27.166,
      28.171,
      29.176
    ],
    "val": [
      6.1,
      8.6,
      8.7,
      10.6,
      11.6,
      11.5,
      11.4,
      12.9,
      12.3,
      12.8,
      12.2,
      11.5,
      10.9,
      10.3,
      11.2,
      10.7,
      9.7,
      12.0,
      8.7,
      9.6,
      10.3,
      10.4,
      8.2,
      9.1,
      9.3,
      8.4,
      9.9,
      11.5,
      10.8,
      9.7
    ]
  }
}