{
  "nuc2:power": {
    "time": [
      0.061,
      1.097,
      2.396,
      3.475,
      4.546,
      5.573,
      6.618,
      7.644,
      8.764,
      9.789,
      10.814,
      11.836,
      12.863,
      13.947,
      14.971,
      16.001,
      17.027,
      18.052,
      19.166,
      20.187,
      21.216,
      22.242,
      23.474,
      24.503,
      25.527,
      26.601,
      27.619,
      28.641,
      29.68
    ],
    "val": [
      10076.0,
      10772.0,
      11092.0,
      11092.0,
      10847.0,
      13554.0,
      13554.0,
      11298.0,
      11298.0,
      12840.0,
      12840.0,
      11787.0,
      13517.0,
      13517.0,
      11223.0,
      10697.0,
      10697.0,
      10828.0,
      10828.0,
      11317.0,
      11317.0,
      11374.0,
      11035.0,
      11035.0,
      11806.0,
      11806.0,
      11186.0,
      11186.0,
      11054.0
    ]
  },
  "nuc2:pcks": {
    "time": [
      0.002,
      1.007,
      2.012,
      3.017,
      4.021,
      5.024,
      6.028,
      7.032,
      8.036,
      9.041,
      10.045,
      11.049,
      12.053,
      13.057,
      14.062,
      15.066,
      16.07,
      17.075,
      18.079,
      19.083,
      20.087,
      21.091,
      22.096,
      23.101,
      24.105,
      25.109,
      26.113,
      27.117,
      28.121,
      29.125
    ],
    "val": [
      26117.790824755368,
      28088.59961181569,
      27981.598995623524,
      28004.019760045743,
      28089.212582442568,
      28016.16967855152,
      28026.5026054748,
      28104.169566607277,
      27990.496867833546,
      28038.82180116595,
      28054.649073484583,
      27981.26687792581,
      28081.70754196286,
      28034.825342978747,
      27989.42082204837,
      28095.253811659193,
      28027.52677007634,
      27986.379097571207,
      28087.43936156527,
      28042.12615130184,
      28037.94950436338,
      28059.905812282857,
      27999.803072623046,
      28051.826224408833,
      28048.74868613927,
      28014.00032379284,
      28041.672321171773,
      28078.490814804507,
      28038.309875627587,
      27992.469722706734
    ]
  },
  "nuc2:mbps": {
    "time": [
      0.002,
      1.006,
      2.011,
      3.016,
      4.021,
      5.024,
      6.028,
      7.032,
      8.036,
      9.04,
      10.044,
      11.048,
      12.052,
      13.057,
      14.061,
      15.065,
      16.07,
      17.074,
      18.078,
      19.082,
      20.087,
      21.091,
      22.095,
      23.1,
      24.104,
      25.108,
      26.112,
      27.116,
      28.121,
      29.125
    ],
    "val": [
      290.3189666143093,
      312.2709566865013,
      311.03660179886236,
      311.2789513140753,
      312.23213714481886,
      311.4934748047253,
      311.5270912634944,
      312.4063672822746,
      311.1337464321207,
      311.699106083173,
      311.8520488380858,
      311.0742596036686,
      312.2218099238023,
      311.6307693110637,
      311.12287642857694,
      312.29811452750624,
      311.54938816673877,
      311.08839425092344,
      312.21217481691144,
      311.71100164085965,
      311.6658321659152,
      311.9025938240162,
      311.25539177390715,
      311.8052378241629,
      311.7785757105169,
      311.39760582383485,
      311.7063762707227,
      312.11077453595226,
      311.6704243125133,
      311.15525615343284
    ]
  },
  "nuc2:cpu_perc": {
    "time": [
      0.0,
      1.005,
      2.01,
      3.015,
      4.019,
      5.023,
      6.027,
      7.031,
      8.035,
      9.039,
      10.043,
      11.047,
      12.051,
      13.055,
      14.06,
      15.064,
      16.068,
      17.073,
      18.077,
      19.081,
      20.085,
      21.089,
      22.094,
      23.098,
      24.103,
      25.107,
      26.111,
      27.115,
      28.119,
      29.123
    ],
    "val": [
      10.5,
      13.8,
      11.4,
      14.6,
      13.8,
      10.9,
      11.2,
      12.0,
      10.8,
      12.0,
      13.0,
      12.7,
      11.6,
      11.5,
      11.6,
      10.1,
      11.1,
      12.4,
      11.5,
      9.3,
      12.6,
      9.7,
      11.3,
      13.6,
      11.3,
      11.0,
      11.4,
      10.4,
      12.6,
      13.4
    ]
  }
}