{
  "nuc2:power": {
    "time": [
      0.057,
      1.079,
      2.168,
      3.191,
      4.223,
      5.265,
      6.288,
      7.316,
      8.339,
      9.363,
      10.388,
      11.457,
      12.544,
      13.645,
      14.697,
      15.897,
      16.957,
      18.021,
      19.15,
      20.218,
      21.331,
      22.429,
      23.574,
      24.66,
      25.722,
      26.846,
      27.896,
      28.964,
      30.009
    ],
    "val": [
      11355.0,
      14795.0,
      12389.0,
      12389.0,
      11449.0,
      13536.0,
      13536.0,
      11562.0,
      11562.0,
      12332.0,
      12596.0,
      12596.0,
      12389.0,
      12370.0,
      12370.0,
      12746.0,
      11599.0,
      11599.0,
      12295.0,
      12257.0,
      12257.0,
      12295.0,
      12295.0,
      11674.0,
      14344.0,
      14758.0,
      14758.0,
      14795.0,
      12144.0
    ]
  },
  "nuc2:pcks": {
    "time": [
      0.002,
      1.006,
      2.009,
      3.013,
      4.017,
      5.02,
      6.024,
      7.027,
      8.031,
      9.034,
      10.038,
      11.04,
      12.044,
      13.047,
      14.051,
      15.054,
      16.058,
      17.061,
      18.065,
      19.069,
      20.072,
      21.076,
      22.079,
      23.082,
      24.087,
      25.09,
      26.095,
      27.099,
      28.103,
      29.106
    ],
    "val": [
      37876.06404508774,
      37366.20305711804,
      37383.97360551733,
      37383.895176782244,
      37392.95020596037,
      37360.15275532314,
      37379.875060140344,
      37389.06272406203,
      37401.09928898738,
      37401.04597580451,
      37386.557648266295,
      37358.66718216043,
      37389.16246220838,
      37376.13619815616,
      37366.75355963972,
      37389.214885077745,
      37403.73848152171,
      37395.133729243295,
      37392.486819423946,
      37387.812498396044,
      37370.42841559133,
      37360.70130474904,
      37366.67815718121,
      37430.640839445674,
      37326.07931268452,
      37399.93036233667,
      37384.07842314214,
      37427.18013588011,
      37357.716730821434,
      37359.909048440444
    ]
  },
  "nuc2:mbps": {
    "time": [
      0.002,
      1.005,
      2.008,
      3.012,
      4.016,
      5.02,
      6.023,
      7.027,
      8.03,
      9.034,
      10.037,
      11.04,
      12.043,
      13.047,
      14.051,
      15.054,
      16.057,
      17.061,
      18.065,
      19.068,
      20.071,
      21.075,
      22.079,
      23.082,
      24.086,
      25.09,
      26.094,
      27.098,
      28.102,
      29.106
    ],
    "val": [
      419.77638844319205,
      415.42707461003766,
      415.55663800439305,
      415.54804042552064,
      415.65171609183886,
      415.3159357312902,
      415.535761818434,
      415.6062374560924,
      415.74146024349665,
      415.7408676272121,
      415.61753140481323,
      415.265513097401,
      415.613813691839,
      415.46271777753793,
      415.38923073915595,
      415.60658432549627,
      415.7707968613753,
      415.68312283495663,
      415.63775368736077,
      415.60023274254695,
      415.41967003432217,
      415.3317822857561,
      415.39645285731086,
      416.0632032219429,
      414.91057756531086,
      415.7609524167693,
      415.5529315912899,
      416.02717365794626,
      415.264685347283,
      415.2811659662684
    ]
  },
  "nuc2:cpu_perc": {
    "time": [
      0.0,
      1.004,
      2.008,
      3.011,
      4.015,
      5.019,
      6.022,
      7.026,
      8.029,
      9.033,
      10.036,
      11.039,
      12.042,
      13.046,
      14.05,
      15.053,
      16.056,
      17.06,
      18.064,
      19.067,
      20.071,
      21.074,
      22.078,
      23.081,
      24.085,
      25.089,
      26.093,
      27.097,
      28.101,
      29.105
    ],
    "val": [
      11.5,
      13.4,
      9.3,
      11.3,
      9.1,
      13.3,
      14.2,
      8.1,
      9.0,
      11.9,
      11.5,
      12.1,
      9.6,
      10.3,
      12.4,
      13.4,
      12.5,
      13.4,
      14.0,
      13.5,
      12.4,
      13.6,
      11.6,
      12.7,
      13.8,
      13.6,
      11.7,
      11.9,
      12.4,
      11.6
    ]
  }
}