{
  "nuc2:power": {
    "time": [
      0.025,
      1.045,
      2.068,
      3.088,
      4.112,
      5.139,
      6.164,
      7.183,
      8.216,
      9.235,
      10.288,
      11.317,
      12.338,
      13.368,
      14.39,
      15.421,
      16.453,
      17.472,
      18.512,
      19.534,
      20.56,
      21.599,
      22.627,
      23.652,
      24.678,
      25.742,
      26.818,
      27.861,
      28.885,
      29.907
    ],
    "val": [
      17333.0,
      17051.0,
      17051.0,
      17145.0,
      17239.0,
      17202.0,
      17408.0,
      17408.0,
      16863.0,
      16863.0,
      15904.0,
      16506.0,
      17352.0,
      16224.0,
      17502.0,
      17841.0,
      17841.0,
      18010.0,
      17032.0,
      18442.0,
      17465.0,
      17916.0,
      17803.0,
      18236.0,
      18198.0,
      18518.0,
      18912.0,
      18912.0,
      16393.0,
      18217.0
    ]
  },
  "nuc2:pcks": {
    "time": [
      0.001,
      1.004,
      2.007,
      3.01,
      4.013,
      5.016,
      6.02,
      7.023,
      8.027,
      9.03,
      10.033,
      11.036,
      12.039,
      13.042,
      14.046,
      15.049,
      16.052,
      17.055,
      18.058,
      19.061,
      20.065,
      21.068,
      22.07,
      23.074,
      24.076,
      25.08,
      26.082,
      27.085,
      28.088,
      29.09
    ],
    "val": [
      97534.131986208,
      68881.30486872698,
      72064.36505731124,
      76432.71146859627,
      65715.88812317573,
      71238.47200959775,
      80770.43668747254,
      68240.97113806014,
      68750.12972538127,
      64423.164166166265,
      66897.66803509022,
      71371.70712474476,
      76175.53183419025,
      58951.740105318255,
      75231.03216710352,
      80257.04499576641,
      79340.99803296577,
      72031.7623640782,
      77211.16303607257,
      77340.73781551878,
      72891.55771148557,
      83878.08563006698,
      83893.62198613712,
      76002.33970192564,
      72192.42989248314,
      67882.10895149045,
      74120.58985014913,
      72835.76082350286,
      68446.82198678111,
      81119.96779538809
    ]
  },
  "nuc2:mbps": {
    "time": [
      0.001,
      1.004,
      2.007,
      3.01,
      4.013,
      5.016,
      6.019,
      7.023,
      8.026,
      9.029,
      10.032,
      11.036,
      12.039,
      13.042,
      14.045,
      15.049,
      16.052,
      17.055,
      18.058,
      19.061,
      20.064,
      21.067,
      22.07,
      23.073,
      24.076,
      25.079,
      26.082,
      27.085,
      28.087,
      29.09
    ],
    "val": [
      1092.3822782455297,
      769.1749165236189,
      805.1247372407566,
      854.7601521703876,
      733.5038537452614,
      795.535390068012,
      904.042944130734,
      762.354554665762,
      767.3852429754666,
      718.8393229008926,
      746.3696830019276,
      797.4261038851495,
      851.5484499915843,
      657.257545461677,
      841.0300567962877,
      898.1888739245405,
      887.4541558713021,
      804.5779191566472,
      863.5769661513224,
      864.9773600133312,
      814.7906778861197,
      939.4345590567503,
      939.6085662447358,
      849.631473095729,
      805.8052898391155,
      757.6913087093128,
      827.5945421235145,
      813.5078396265504,
      763.8676105369715,
      908.014251449805
    ]
  },
  "nuc2:cpu_perc": {
    "time": [
      0.0,
      1.003,
      2.006,
      3.009,
      4.012,
      5.015,
      6.018,
      7.022,
      8.025,
      9.029,
      10.032,
      11.035,
      12.038,
      13.041,
      14.044,
      15.048,
      16.051,
      17.054,
      18.057,
      19.06,
      20.063,
      21.067,
      22.069,
      23.072,
      24.076,
      25.078,
      26.082,
      27.084,
      28.087,
      29.089
    ],
    "val": [
      18.3,
      19.4,
      17.2,
      18.6,
      18.7,
      19.2,
      18.9,
      18.4,
      18.8,
      15.6,
      15.5,
      16.7,
      17.0,
      14.6,
      16.5,
      18.9,
      17.8,
      16.3,
      18.6,
      19.0,
      17.3,
      19.2,
      18.9,
      16.2,
      15.3,
      16.9,
      17.8,
      18.9,
      16.8,
      18.9
    ]
  }
}