{
  "nuc2:power": {
    "time": [
      0.022,
      1.046,
      2.07,
      3.097,
      4.119,
      5.146,
      6.165,
      7.191,
      8.215,
      9.237,
      10.331,
      11.564,
      12.591,
      13.636,
      14.944,
      15.974,
      17.012,
      18.043,
      19.091,
      20.145,
      21.203,
      22.259,
      23.287,
      24.37,
      25.429,
      26.452,
      27.474,
      28.503,
      29.59
    ],
    "val": [
      10001.0,
      10001.0,
      9851.0,
      9851.0,
      9794.0,
      9794.0,
      9851.0,
      9851.0,
      10001.0,
      10001.0,
      9907.0,
      9907.0,
      9982.0,
      9982.0,
      9700.0,
      9700.0,
      9794.0,
      9794.0,
      9851.0,
      9851.0,
      9719.0,
      9719.0,
      9625.0,
      9945.0,
      9945.0,
      10114.0,
      10114.0,
      10828.0,
      10828.0
    ]
  },
  "nuc2:pcks": {
    "time": [
      0.003,
      1.008,
      2.013,
      3.019,
      4.024,
      5.029,
      6.034,
      7.039,
      8.045,
      9.049,
      10.055,
      11.06,
      12.066,
      13.072,
      14.077,
      15.082,
      16.088,
      17.093,
      18.098,
      19.103,
      20.109,
      21.114,
      22.119,
      23.124,
      24.129,
      25.134,
      26.139,
      27.143,
      28.146,
      29.15
    ],
    "val": [
      32805.92138553015,
      18650.930823504415,
      18687.069320651917,
      18642.695135044625,
      18714.419300167963,
      18693.562900472138,
      18724.344810876475,
      18735.072931849183,
      18641.505791315398,
      18699.165918686846,
      18644.65067743804,
      18706.487267221844,
      18684.04904852314,
      18707.802342125113,
      18718.06529073591,
      18711.748642234797,
      18705.209724261953,
      18665.09133218366,
      18691.037322619635,
      18638.83024356798,
      18708.947665710235,
      18705.877841430523,
      18717.647986418564,
      18720.911447174407,
      18679.192965529215,
      18642.058883412552,
      18685.423729553397,
      18707.718701540125,
      18751.242712333642,
      18651.776318327775
    ]
  },
  "nuc2:mbps": {
    "time": [
      0.002,
      1.007,
      2.012,
      3.018,
      4.024,
      5.028,
      6.033,
      7.038,
      8.044,
      9.048,
      10.054,
      11.06,
      12.065,
      13.071,
      14.076,
      15.081,
      16.087,
      17.092,
      18.097,
      19.102,
      20.108,
      21.113,
      22.118,
      23.123,
      24.128,
      25.133,
      26.138,
      27.142,
      28.145,
      29.149
    ],
    "val": [
      364.6625880183567,
      207.32194470424454,
      207.7256656129548,
      207.22134833845863,
      208.0259903366913,
      207.79072018579845,
      208.14311348532001,
      208.2465992442458,
      207.21684246361247,
      207.85358884240048,
      207.250796150175,
      207.93689877323266,
      207.68505163110808,
      207.95134933244833,
      208.06542975583082,
      208.0032589937874,
      207.92118930509383,
      207.47256262338783,
      207.76231098640076,
      207.18576217060934,
      207.9637453353191,
      207.9292029266911,
      208.06079110323614,
      208.0970669337832,
      207.6382790671215,
      207.22156733805306,
      207.6994926267545,
      207.94756660583934,
      208.43422184922835,
      207.32857777257604
    ]
  },
  "nuc2:cpu_perc": {
    "time": [
      0.0,
      1.006,
      2.011,
      3.016,
      4.022,
      5.027,
      6.032,
      7.037,
      8.042,
      9.047,
      10.052,
      11.058,
      12.063,
      13.069,
      14.075,
      15.08,
      16.085,
      17.091,
      18.096,
      19.101,
      20.106,
      21.112,
      22.117,
      23.122,
      24.127,
      25.132,
      26.137,
      27.141,
      28.145,
      29.148
    ],
    "val": [
      12.1,
      15.6,
      14.4,
      15.3,
      13.8,
      16.2,
      12.5,
      14.0,
      14.1,
      14.0,
      13.1,
      13.3,
      12.9,
      13.1,
      12.9,
      14.2,
      12.7,
      13.3,
      11.6,
      10.9,
      12.4,
      13.4,
      13.2,
      11.6,
      12.7,
      12.4,
      13.1,
      13.4,
      10.9,
      10.7
    ]
  }
}