{
  "nuc2:power": {
    "time": [
      0.09,
      1.324,
      2.363,
      3.396,
      4.437,
      5.455,
      6.485,
      7.503,
      8.53,
      9.556,
      10.583,
      11.604,
      12.696,
      13.717,
      14.741,
      15.762,
      16.788,
      18.127,
      19.222,
      20.277,
      21.299,
      22.318,
      23.342,
      24.365,
      25.39,
      26.411,
      27.471,
      28.496,
      29.531
    ],
    "val": [
      14006.0,
      14889.0,
      15585.0,
      16525.0,
      15848.0,
      14682.0,
      14682.0,
      16506.0,
      16638.0,
      15322.0,
      15322.0,
      14776.0,
      15754.0,
      15397.0,
      15397.0,
      13874.0,
      13686.0,
      14852.0,
      15453.0,
      15660.0,
      15660.0,
      15115.0,
      16205.0,
      16675.0,
      16675.0,
      16468.0,
      16318.0,
      16525.0,
      16638.0
    ]
  },
  "nuc2:pcks": {
    "time": [
      0.002,
      1.005,
      2.008,
      3.011,
      4.015,
      5.018,
      6.021,
      7.024,
      8.028,
      9.031,
      10.035,
      11.038,
      12.041,
      13.045,
      14.048,
      15.051,
      16.055,
      17.058,
      18.062,
      19.065,
      20.068,
      21.071,
      22.075,
      23.078,
      24.08,
      25.083,
      26.086,
      27.089,
      28.092,
      29.097
    ],
    "val": [
      87030.40428380188,
      56021.36571223489,
      56035.16252003902,
      56078.7997677182,
      56052.842146945484,
      56038.44693345904,
      55448.597315638865,
      56269.63758800341,
      56007.050360655674,
      56319.36997608809,
      55964.53860140515,
      56055.462339663245,
      55998.422864345375,
      56052.8054241206,
      55790.09729801661,
      56303.976722728126,
      56068.16845070476,
      56020.90789191686,
      56071.23238629343,
      56003.40852049337,
      56000.453220874566,
      56037.016558088064,
      55575.53414921064,
      56300.55337759293,
      56219.861625707985,
      56089.720605473536,
      56017.91850138301,
      56069.63990054674,
      55132.352040192956,
      56595.98900954104
    ]
  },
  "nuc2:mbps": {
    "time": [
      0.001,
      1.005,
      2.008,
      3.011,
      4.014,
      5.017,
      6.02,
      7.023,
      8.027,
      9.03,
      10.034,
      11.037,
      12.041,
      13.044,
      14.047,
      15.051,
      16.054,
      17.058,
      18.061,
      19.065,
      20.068,
      21.071,
      22.074,
      23.077,
      24.08,
      25.083,
      26.086,
      27.088,
      28.092,
      29.096
    ],
    "val": [
      965.4692632331994,
      622.978547535491,
      622.9416873509467,
      623.7341732869714,
      623.3039998101416,
      622.9483582714196,
      617.7463116462305,
      626.3814385746298,
      622.8982196464249,
      626.2630884592987,
      622.4837092780004,
      624.4922102846259,
      622.8565810108558,
      623.5090749170303,
      620.7777511986873,
      626.0822539436788,
      623.5847681815014,
      623.1842929404113,
      623.3497460384431,
      623.222186401846,
      623.2266482603785,
      623.0840623417927,
      618.464431663414,
      626.6122216387479,
      625.3824538693171,
      623.575633347278,
      622.83085373011,
      623.448418469712,
      613.1938518398309,
      629.724222414882
    ]
  },
  "nuc2:cpu_perc": {
    "time": [
      0.0,
      1.004,
      2.007,
      3.01,
      4.013,
      5.017,
      6.02,
      7.022,
      8.026,
      9.029,
      10.033,
      11.037,
      12.04,
      13.043,
      14.046,
      15.05,
      16.053,
      17.057,
      18.06,
      19.064,
      20.067,
      21.071,
      22.073,
      23.077,
      24.079,
      25.082,
      26.085,
      27.088,
      28.091,
      29.095
    ],
    "val": [
      13.8,
      11.9,
      14.4,
      17.8,
      16.5,
      13.1,
      16.4,
      15.8,
      16.3,
      13.3,
      16.1,
      15.3,
      14.2,
      12.8,
      16.7,
      14.2,
      15.2,
      16.3,
      14.9,
      14.7,
      15.0,
      13.4,
      14.1,
      14.9,
      15.2,
      16.5,
      15.7,
      15.9,
      15.0,
      19.2
    ]
  }
}