{
  "nuc2:power": {
    "time": [
      0.028,
      1.115,
      2.16,
      3.193,
      4.247,
      5.345,
      6.423,
      7.482,
      8.558,
      9.592,
      10.617,
      11.642,
      12.693,
      13.722,
      14.747,
      15.768,
      16.792,
      18.027,
      19.059,
      20.103,
      21.138,
      22.324,
      23.347,
      24.365,
      25.395,
      26.422,
      27.567,
      28.596,
      29.617
    ],
    "val": [
      14908.0,
      16205.0,
      16205.0,
      17014.0,
      16995.0,
      16769.0,
      16262.0,
      16149.0,
      17390.0,
      16995.0,
      16995.0,
      17296.0,
      16356.0,
      16506.0,
      17070.0,
      17277.0,
      17277.0,
      16450.0,
      17634.0,
      17051.0,
      16976.0,
      17032.0,
      16168.0,
      15058.0,
      15058.0,
      16694.0,
      16863.0,
      16224.0,
      16713.0
    ]
  },
  "nuc2:pcks": {
    "time": [
      0.002,
      1.005,
      2.008,
      3.01,
      4.014,
      5.017,
      6.02,
      7.023,
      8.026,
      9.029,
      10.032,
      11.035,
      12.038,
      13.041,
      14.044,
      15.046,
      16.049,
      17.052,
      18.055,
      19.058,
      20.061,
      21.064,
      22.067,
      23.07,
      24.074,
      25.077,
      26.08,
      27.083,
      28.086,
      29.09
    ],
    "val": [
      78358.40552340339,
      63575.92075094753,
      64773.169279863534,
      65406.913967725886,
      66678.51585305927,
      62507.53569329121,
      58299.261619397854,
      59905.161682900674,
      68388.66993553787,
      65503.08983838137,
      65088.933573004564,
      67510.24001757347,
      60116.68396349197,
      65360.16148589225,
      67119.56244240222,
      68214.7039603032,
      73196.36755087468,
      56535.74788417734,
      64853.24360320335,
      69023.44436894041,
      58760.77200550031,
      66600.08219448944,
      66458.49804701893,
      56699.00113642763,
      60143.544232526474,
      61171.3780103712,
      67093.50919710459,
      61228.21230165851,
      65913.87091135836,
      62547.61710318759
    ]
  },
  "nuc2:mbps": {
    "time": [
      0.001,
      1.005,
      2.007,
      3.01,
      4.013,
      5.016,
      6.019,
      7.022,
      8.025,
      9.028,
      10.031,
      11.034,
      12.037,
      13.04,
      14.043,
      15.045,
      16.048,
      17.051,
      18.054,
      19.057,
      20.06,
      21.064,
      22.067,
      23.07,
      24.073,
      25.077,
      26.08,
      27.083,
      28.086,
      29.089
    ],
    "val": [
      874.0982342751549,
      709.3053566707872,
      723.1319531974647,
      729.9389977666932,
      744.2648321395833,
      697.4021719466199,
      650.2045170389534,
      668.2354817903639,
      763.4723211028063,
      731.0819224795572,
      726.4105884610607,
      754.0127848336289,
      670.5707840464853,
      729.6318892366695,
      749.5092599429563,
      761.584727209213,
      818.0525416574227,
      630.5856971714057,
      723.8513719463199,
      770.6386205511294,
      655.3627820352272,
      743.739447415756,
      741.6228976359339,
      632.419337243681,
      670.9942890549426,
      682.3956711888789,
      748.7864313253501,
      683.0634436669105,
      736.0264524810459,
      697.9671924876752
    ]
  },
  "nuc2:cpu_perc": {
    "time": [
      0.0,
      1.004,
      2.007,
      3.009,
      4.012,
      5.015,
      6.018,
      7.022,
      8.024,
      9.028,
      10.031,
      11.034,
      12.037,
      13.04,
      14.043,
      15.045,
      16.048,
      17.05,
      18.054,
      19.057,
      20.06,
      21.063,
      22.066,
      23.069,
      24.072,
      25.076,
      26.079,
      27.082,
      28.085,
      29.088
    ],
    "val": [
      18.3,
      19.1,
      18.3,
      20.0,
      20.7,
      19.4,
      15.5,
      17.2,
      19.4,
      18.9,
      18.8,
      19.3,
      19.1,
      18.1,
      18.1,
      17.8,
      18.3,
      15.2,
      20.0,
      16.1,
      14.7,
      17.9,
      18.4,
      16.6,
      13.5,
      17.2,
      18.9,
      14.0,
      16.2,
      17.4
    ]
  }
}